company,title,url,source,date,sentiment
MBTA,The MBTA is catching up on years of maintenance with prolonged shutdowns. Riders are feeling the disruption. - Boston.com,https://news.google.com/rss/articles/CBMi9gFBVV95cUxOSnVCaElnV00yNGU4cmNlX1ZyS0pXdFN5d3lFODh0STdhMkFjbWY2TURNYnRCVkxlSkhzSVNPTi1EVGpFdUI3R1dwMEpKeFU4WXJsVGQtLVkzVlozaURxbEl1aGpvbXUwREZITXN5a3ZEYVVhNUZfdU9FWG1WeVZYR0QxQmM3aTRwNnMxOEhxdk5nZ0JiS1BvYXBaQ0ZIbDE0VDNkbnJKczc3dEd0UW1YWmJ3V0paRGtRLVJjSEVaVEplYkNzcVVtZlVENnhKdWc1cHpxMC1qVWNzWkxHRm1OMUF6eTM2Zy1USU1IeEtkdmwwR0lHU3c?oc=5,Boston.com,2026-09-03,negative
MBTA,Second teen hospitalized after deadly fall at Forest Hills MBTA station - NBC Boston,https://news.google.com/rss/articles/CBMiuAFBVV95cUxNWGtvYUhIa1p3TXhBcEdINmE2MlM3dzYwa180ZXAzeEJMVXRrbUo0ZEp3dVJTQ3FlYXJURHZGZ3NKbGxsb1QzaUpqYTlHRDA2cENub1lLVnZYQmNrRUFxVmNrNEhRYzYwRFhPUW1ITWM4SDZDQzdWazhybVVDcE14Q0ZuTlpPbWxwVmF0M0pNNG9OT3V3eGItdWhYLXNJUEtKX1dHTTBwaHBfajV0ei1tZHJGNVJ1dUdw0gHAAUFVX3lxTE8tRGpwMExyV29qNzhOcENOSEc5QmU3MGpSNnJ4UW5qXzI3QVE1VmNlZUlSV0o4MmlvcUVSQi1JT3ZZSGR1bU9wd0dTcnZNLUR0alNsYzIxcl9oakZBdFp4OXN4YTg2OURTTTdDOVhpY2IzLTl0QWpENUZSOWJtUU9ZOFlqNXZJNmxleGJzd2FWWnlDT0FxMUo4LWJIZm1oUGpCTHhXMm1FVnFUcE43RjZoam5KR2tGcnMyNGNCczZqUw?oc=5,NBC Boston,2026-09-03,neutral
MBTA,"Reverend files lawsuit against MBTA over extended travel delays, poor conditions - Boston 25 News",https://news.google.com/rss/articles/CBMi4AFBVV95cUxPMldRa2tNRU54bHR3eHZYZWp6MXgyS213bmhOV3BDUm1SYUxQRGFUbVJaZ2VWZ3VzWXF5VEJvakY0WURpSlZkRndfSjZPVGNmTTA3TXE1akxQdzFPOUtQLVNzWHJmQmJwRm41VkQ1cG16MkM4dVRmOW16ZFVyY255NjJGNG1lVTBUbHFYQ18telZkTmtxRnZfWEpJZVQ5dzA0SFlKTE1IM09MQkpRVkVWZGVrc3pvRE9ZcGl4XzM2OG9ZZGhMZXVGY3VEQTdGTTF0dm1LcnJrNEZoV0w2U20xMNIB9AFBVV95cUxNcmItQVpPcFI3TmVyQ1pGc0Y4TlhJRUxTTEdrdi0wUV9uYzl3eGpGSVlJaUhnZlRoam5vRFZZaVE2bjg1QjFEdmdPNEx2dEkxdXo5VlhLX2hwdkJMaEctMTk1SWc5ZTZFN0ZYaHI5N1V6YW8yemQ1UVl0cG9jSnNKRGVRVE9xRmJtMUM1bW5ZM2NRMUpESzRUWjloaXFmYlp6ak52RVVqc0hCbkRHMXoxQmdwREI3V2FPV2UtYjkwVFFQd2wxNm10X09GWEdNcUVnYkRIZFNrNmtqQXBsemdkc21teElVdTVXUW1yVjdjYkNzQ1hi?oc=5,Boston 25 News,2026-09-03,negative
MBTA,"Man killed after falling onto third rail at MBTA Forest Hills station was helping girlfriend, family says - CBS News",https://news.google.com/rss/articles/CBMid0FVX3lxTE9LemtkanYwNEJQV0c2VExpdW9QUGdGYWhjX2dWYUFtd1FHWWZLM3pxMDJQQy02S2xHRDNtNE1LR2hCejlqcUFrWTdkeVpUamk4cWFaa0NpYUJFcmxhNFpoSzI0MkxlX2E5UU9JYktmRmx6RnNiU3pr?oc=5,CBS News,2026-09-03,negative
MBTA,MBTA launches new programs to cut riders' costs - WGBH,https://news.google.com/rss/articles/CBMikwFBVV95cUxQaF9GTUdaNGQtY2Jxa2tINE1XXzY0UHkxV3Y3ZWMwdk9XSlBYYkduZkN4QThMcHowSnE2SE91b24waEFlWWlNOERWaEllY0szTVZpajJuTTJDLVJNcDMxX1pKYTI5SkNuTVAzUGY1WkFTWUsxbzhTbFJUWUhGR3Z4RUdNdV84ZVphRmJmZUEzQkV3cVE?oc=5,WGBH,2026-09-03,negative
MBTA,MBTA: Man dies after falling onto third rail at Forest Hills Station - WCVB,https://news.google.com/rss/articles/CBMihwFBVV95cUxQMW90SHIzTHJRdmhUWmxEckdZaTdYRHRtV0JxTHJjQ1NhMWlNV0JmS3ZxWDFUWVBFY2lrMy05ZTFWQjBhd2ZzQ1dJSjZLNkZyd0lNajQ3STFCTk92ZXJoUmFNdlRaMGZEeWVOR3hGQ3hzUVNfaURfcHd4TGJTbUNkM056WDdONkU?oc=5,WCVB,2026-09-03,negative
MBTA,The T Is Throwing More Money Into the Alewife Money Pit - Streetsblog Massachusetts,https://news.google.com/rss/articles/CBMimwFBVV95cUxQZy1nc09DeGtpUjVSUG9WNGNja3VWaXVLa3VZQjVSZFptMUVhVWc2LS1vc0xqRE9SaWFEbzNSaUItQWFoV3lMQzJkVTdpOHAyQkswcjNxLWhROGtuZm1TZEd3NUtNcXI5ZzA0eENMd3h3OVVmalFjWV9BSjN6MHdXSVFPV18wZzI3b2xOb0duRlZTemZGQjA2NjNTSQ?oc=5,Streetsblog Massachusetts,2026-09-03,neutral
MBTA,Feds allow trains to run quieter. Could it help South Coast Rail? - Fall River Herald News,https://news.google.com/rss/articles/CBMi4wFBVV95cUxPRXI4eVJEMXhJNGJmS0tGUXJKcW1hT3l3YWpXVUJvSWR2NC12Ul9DWHpmOUpDaXBCT2xpZENHSWU1bGVXaHBPLVZvOF9Vay1xUzNPemRwbHZ5azFHb2tyTERrM2FobHdlblNnd0dma01nc3I1enNGamNieGEwYjRXcjM0ZFNmb0xJa0hxU0stZ3lRV1pUMkxZYi1HRGhXdjZwMXZMSjFIY1ZzNERIS2xTYkthb1NoS2FUdFpYX0pZc08wU0dMeDhrOWJSZWtpOWg2TjM1dXc4MkRmOGpiLVZJUFBoQQ?oc=5,Fall River Herald News,2026-09-03,positive
MBTA,Save Route 80 bus service through Somerville - The Somerville Times,https://news.google.com/rss/articles/CBMiX0FVX3lxTFA0dDZYS0JWVUJKUUdBdkxJZGdOdVBtb1RwLTZjR3hrVDJkSm84cEpSa1F3OGpXUVNvd2xuTXFpZnJPX2dWTWNFbkVhSUJodk9TM3JzMzF0QkRfSll1am1j?oc=5,The Somerville Times,2026-09-03,positive
MBTA,Teen dies after falling onto third rail at Forest Hills MBTA station - MassLive,https://news.google.com/rss/articles/CBMiswFBVV95cUxOMHU2UDJUX0RmZ1lwX0tpdmhJVFpwSk9RU190bUIwY2NUZHRpaUxERm5MamVUQ2lxTHYwdlR5RlpWdVhBdC1GdzhBZU1fOXZacEI5OHYyQXRHLUs3QkJ5RmZNUVVjdG1nakZISlE5b0dlNDJleWk1NXVGMHpPQ1hxUkF2T190UjJOLU4zVHYtaUZYaGVqakx3UDZVdHJwZWEwb3prOUxXR0stU2dOVjZ2UTg0d9IBxwFBVV95cUxOZ29RWUtPeWEwVUktN2JrNFVuRGpUMENsaF83QUhtSTc2ZnNjWUJXMmd2MEJEUG9Ob1hFTmt2Ym40R2ZhRHlqQVRBNzVxa21jNktTQUh5a29RVkRwb3pLbFFoZjJqajRtTTB4MEZZV1owTFdxNVlYcDUtQWhVZEVqVnRVZXNJMll0NUxiZ2pBNmJhaVAtNWNfM3lHZG5QYzdzXzFiMWludWJVS3ZyN1RMOGxkdFMtbGxfaVdFT0M4WjlKeGVTYTFF?oc=5,MassLive,2026-09-03,negative
MBTA,This $140 million MBTA project could be a big deal for commuter rail and Amtrak riders north of Boston - WBUR,https://news.google.com/rss/articles/CBMiqwFBVV95cUxPbnNTY2tGMzlDR0RXTGZuQWc4bllzbVJHbVU5cjJjdHB0dzhjYW1zMG51YVpSUFFOcFEySFdrQ3g2LTU0LXBsdDJoVXVWR09yenRaeXZiUjFWeEtsalpTV3VydjkyV2pNVmRMZG5aY2Z4MTdkTDNWSTNIWkZ1WkI0NTBkSTVqaWJiUWtEalNidks2NGt1X21mN3R4dXNhU3lSYTNPOUZJQldfem8?oc=5,WBUR,2026-09-03,neutral
MBTA,Does the T need track barriers to keep riders safe? New video highlights the issue - NBC Boston,https://news.google.com/rss/articles/CBMijAFBVV95cUxONXczMUlkT1VWb2pmMXpETzhCOVA4TTVWZnhZVVBjekNzWjRuTUtEQkpCY1RGWk5nQlVQU0tGN2lvSlo2d0FLUk5IamE3WjRQcmR5bjdYUm1GdlY1MWVIWnRZcHFkRXBqN2l2MC1JZ2FwNW9ITkhlbDA3eGRlOW9SVmVrVGNmMkJCNksyMNIBlAFBVV95cUxPbkJpQkgxQWJyb29SX0k3RzZqcUNXTUxUMTdjQ245LXVjcGRNZVdoY1FCS0tsam5Lc2lLbmthZm5iSGVVX3VYaGxJeHJlcE05UnphaVNpZjRaME1rOGZMNjlmTzRCQ0luZXhNWW9BejItM1N0YUxpSEdVYVh0YjFTTEtEQWd4dUVQeU5oRkpiRVlwenEx?oc=5,NBC Boston,2026-09-03,positive
MBTA,‘Trying to save the life of his girlfriend’: Young man dies after fall at Forest Hills MBTA Station - Boston 25 News,https://news.google.com/rss/articles/CBMi5gFBVV95cUxQdnVzRU55UTBZMHc3a1R2QVdwLVhicGFFaENJNUJCQ2Jkc05HNk91SnM1UG9NQlMzS1FJdTdGZzRDaEU3d3JNMGIyRjRveTBtU0x0c1k0dEJxdHBRWGJfYkpKVWkwU3pQeWhBSlJ3bFNSYnZsVmJES2piQ3pjN0V6VVZuOGVKR2w1b2loRWlxeXZfQkNWNk9sdWRMZy11NDJxZGxQNmZEWDRvYlpCLTdhVXhVd1FmWGZvTElReGllYV9KMG1lSlJaN1ZmRlB1RUZGQ2YzRlpmeVZQd3pQODhDXzBDMHpSd9IB-gFBVV95cUxPZmx5TEZNNWhhX0o3LUVXd0dqYUtmbDMyTllJSVp0N0hybzFjSVlkb0FNMGJQbUxZLVIwaVdDek9HUUJkYU1EbC1EYzhGMVpRRk9KVXB5bkRBaWxOUnVNSVc0WjhIYk5RV2tRNXJNa1plVzU2ZFhMUHptQTc5ZUEyMGl5NTZDeTlQYzhhV1NXMVZxR3MtelRCNWJRQUVySnBvejhFN281TXc0aXRIcWxoUE5qVlM4Zl85Qk9TVF84bVNrek9UaHB3U3BLS1VUZ2hibG1ScU9rQVk5eEtQb1oxaEZ3VXJ4RUhEdzJYUlJtTlZuZVl3S1dPbDVB?oc=5,Boston 25 News,2026-09-03,positive
MBTA,An MBTA shuttle bus was supposed to go to North Station. Instead it went 10 miles north of Boston. - CBS News,https://news.google.com/rss/articles/CBMijAFBVV95cUxOQ3VGUXF4UElHSmMxWnVlYS15TUxBS1ljazlwZVM3cFVDZXBaYWd2RGJMbnp2UlpYWmZ2czVGYW5UX29hc09FR2pKUnVRZ3B4aW94cnJKTFNUS1RoYlo3dy1oSGJ1RjFUeFUwdEFQNThVcHhRVG1OR0Z3LW5sYWFCUG41d1dVNkIwNVRvZQ?oc=5,CBS News,2026-09-03,neutral
MBTA,MBTA planning to issue RFP for platform screen door pilot - Boston 25 News,https://news.google.com/rss/articles/CBMivwFBVV95cUxNdkNFdkN5N1A1OThfcGZkcVhKdjZHUkN0Q2lYcDhISURLQll5WEtwNDVmLVJwWEpRWDI5X1BQRXFGc0dNcnI1Q2w3U0NCYWlYSjFQTjJDeFB5cG1KZzhHRGxpTDVkZURjU2hwR3lFYXE4a1kxN0x0OWowQ0lhcjN3MTZ3QkdJZmlrOHVOZ1pVNklZbGVrQkdEaUJEVzhSY0VmSTNuRm1WY25FNVZQY0xaTjdxSTdCa1JMSEZsRDBoUQ?oc=5,Boston 25 News,2026-09-03,neutral
MBTA,Man dies after falling on third rail at Forest Hills MBTA station - NBC Boston,https://news.google.com/rss/articles/CBMiwgFBVV95cUxNQjA5THVwRzBtbnlZYWNxLW1oYi05OTdpQzVrOEk0eUhvb3FCNXFHQW1kOVg4SG5wX29fWnllX2ZMTGhUeDFxXzhNbllnTVN0M0ZTWlExNENtWHB4dDBEbkIxb2pQc0ZVVk0tVXNVNVlPYkFtZ2kxYklNbllHOE1FRkNrMmo1ZzJiNUpqT0trZGhYMVBZdG5OREJwMkxfZG1RbW9FcjdlbmxLTG1MbWlQVnpOVldadS1idlNjOUJENmRkUdIBygFBVV95cUxNWU95Q2lFQmx3ZlNXVGxWeUVUMlIxS2ZyLUxjaVRzZnhUWkhLS2EtcXBmQ0FOanlSTGdYQzJyVTFYWFBLTUw4bklLNFlYeU9pLWpobGZxdWJ6UFJQVGVfcERBczZTbTVYNVQ0YlM4bmdYdkJSNnBzUGQtdkNtNzdhOXA2SFNDSFljVHU3VHZOa3dXTFlGeC1YTElYZzBMQkdpZm5MS0t0dEoycmJpay1fcnhJVU9HZXRoSkR2a0pYZ2ZPTENmaXpJWjB3?oc=5,NBC Boston,2026-09-03,negative
MBTA,New MBTA fare pilot programs begin Tuesday - Boston 25 News,https://news.google.com/rss/articles/CBMirwFBVV95cUxOcjR0dndrb1FnR2VCUzBvSExXS0lzMGhjZDJ4VjlLbkJSd2Z6LU43UndXcDNrMmtQQXpPN3h0cjhYYkhkVkdLV2ZieXc1aXpnUGV2NEUwSXpPdkhNTVNvOS14d0NBcHY5LUM5eVA5VGRUOWVQREVnUHR4RDh5RzIzS3N6UVVWZXlPNDlxSml1WXB2eFVuTHpjTmowWm9KVFZCOWpGbnUxOXRSdmRpZGhv0gHDAUFVX3lxTE5WZzBmNGwzRmlSLXdySnRCWlZEalNpVGg0eGRkQjVBcUNrSk5vMVZzNE1hWkZLN1pPMk10WkRfdU11RG1LNURoWjhlMjhhUWpzdkpCRnhTOUpZaWVIaHBGdC1Zbm13VkN5TmtleGJhaGZoTVo3S090RFhOZEtmU05oeTZHc3Y5X1NTSG5ScHNpaWwybWpuN0NuQnZ4Y24wU2sxWGsyUXBWUHdJWGRtLUNfSHlBRkNxU09oY25VNEt0RElkTQ?oc=5,Boston 25 News,2026-09-03,neutral
MBTA,"Young man dies rescuing girlfriend from MBTA tracks, family calls for safety upgrades - Boston 25 News",https://news.google.com/rss/articles/CBMi4AFBVV95cUxPRHYtc1FEb3Vmb2FtbnYyN0puT0ZVdWF6RERaY3laUFNhckswV2JXX1pleWxtLVJ1OHRta1o1bG1EZDRqSVAyS2hCbTE0dlB6UTRxSW9OUkxTNXBqWFZPeUlMVDlrUkJadmo4bkxPNldrZ0l2NUZvcGdKTFBJTDF6TFpQZEMya05jbmJta0NGM2kzQjBHN3FiVWIza0xRbzhtdEZndWYxM2lpcmVIb2hMUW9aWFBlcjltUEs5bnhyaVVGQ3N2OWxXWFMyc0hvYUprNDc5bTdFbUZnOEVubzFKYw?oc=5,Boston 25 News,2026-09-03,positive
MBTA,Transit Police investigate deadly incident at Forest Hills Station - Boston 25 News,https://news.google.com/rss/articles/CBMiywFBVV95cUxNTENCWld4aHBBT3hnUVRMTkNzeS1ubDg1SGczTmd1UnpMZjlMcDh4MzdPeVZaQlZMb1MtU1E1WHhLTU05clJleGhJcEZ1QWJSSGJMSXVEZ0oyUlp2OTZUSjFmZVp6OWc2UU9oM0Z6QmtrVHUxallvTGYtQmp0ZXdJeVF1Zy1vTnZyOWtBYUpmaV9hOUFUVG8waFZpMVctNHFpbDNDZ3JYcUFpbjhrWHJ4WTlWTldHYlNDZXNfZ0RJZFdTZks0MmtHVjQzUdIB3wFBVV95cUxNSWpSLXdrV1pDcDIyWVFkal9XZXptMlM2bFJoUXlZU3hBalJZS1hTTGFkSVU4czVCOUl1LXFjeGNsYmdXUDlPVlp4SHBpdkNUSUtJWVdlRldJU0N2VEppQzZMNHNFSDBrV2kzcDZnWDg5SEJlV1pEZ1VsQ09ab0ZodEVqU1ZoakxjZVJsdXlqMXE1enUxSjBmWjdULWJpTW9WRVI5TFYzXzZsNXoyZDdVRTJYNkYzVVJGa3NBc2NOZExQY2hfZ0pRTVBnOFZoYjlqQXd5VlVkTU1rS0FndWJR?oc=5,Boston 25 News,2026-09-03,neutral
MBTA,19-year-old dies in incident on MBTA rail - Boston 25 News,https://news.google.com/rss/articles/CBMiqwFBVV95cUxOalFSOEw2M1pyX2FoM0pPb0hBWFhoamFqTDlDVUlSNVQ3Q3VJY2xtcXhBTHJmN0pwZFR2VUU0cTBOTXFWeVJmWlRfMXRNQmowSGp5QXY0WEhSbmV3V3ByNUV6QTFmY2lGa0xlX0pYckllRTYzVDB1bnJfSmNmdDgzdTYzZ2taaXZNUWREc2VibE80TDFVT1g5WXRianYyUjVycTFRdW1FUlJSS2c?oc=5,Boston 25 News,2026-09-03,neutral
MBTA,Why I Prefer Taking the Red Line to Boston Over South Coast Rail - 1420 WBSM,https://news.google.com/rss/articles/CBMiZEFVX3lxTE9IbzFwYkY0VGc2M1ZjOVZMTHJkalJ6MlJGNUZDQVJZU1FhLXZqcGZSUE1jd1hFWDJYclFJVjR2eUZLSVN5OGhhWDdUZG1fWFEtSjZHWTZiUGl6YmNBbzdYeVM0eFo?oc=5,1420 WBSM,2026-09-03,neutral
MBTA,A family is mourning the loss of their brother who died trying to rescue his girlfriend who had fallen onto the tracks at the MBTA’s Forest Hills station on Saturday. Full story on @boston25 - facebook.com,https://news.google.com/rss/articles/CBMi2gFBVV95cUxOLXZPWDJCX2YyTmtoZWFFREZ4cHhCWWVhOWVkVHdiVl9XaHEza0JfZkRWRkx4OWxsVGVTcHJ4Z0pzenFteXVuVkNhVngxcEVmMDF3TmtYY0tKcEM2Q1BMUGtwTjNDbG1pTHNlWGR1TU5nWk9TUjBpNkQtNHV5bm1GLW5wT1pZMEN6d0pSOXhpYUNEWlVES0NGT1B3dkRVVjk3cFR1SUlzNzBTZlZTTnlXRkdQc2RTLUxNTFhvcUhwR2JKWTVqQVRxR0tiVms3VVNFd0szYW1POUUyUQ?oc=5,facebook.com,2026-09-03,negative
MBTA,Mayor Wu and MBTA Announce Compromises and Another Round of Meetings for Blue Hill Ave. Project - Streetsblog Massachusetts,https://news.google.com/rss/articles/CBMizwFBVV95cUxPWkNHYXJfSmo3ajZfaWU3S1Q5TGNUMUVVSXd6NThnUGFUU2R5NWtGMXVEODViNkRGdEdhclJWeTJDVGZnZDR2QUhQZnpEdGkyS1Z2UVhrX2xhSTVYN2dieThWN0tCN1lrMXJGZXV2ZGxRSklZSTNfU01XSWhYeXRuRktTQUpFM012MG8yUm1CZzhCejkzWDhudXlONWNGQjctSTVKQTItdHdSLXc0bFo4b3lOdURJTFRpdTZ5RVpGeW13dlVEanAtSnh2V1FNOGc?oc=5,Streetsblog Massachusetts,2026-09-03,neutral
MBTA,‘Trying to save the life of his girlfriend’: Young man dies after fall at Forest Hills MBTA Station - Boston 25 News,https://news.google.com/rss/articles/CBMi6wFBVV95cUxOZ3NkbTd3T2JKTHM0MGtUY0toc1pld1lrTzdNR0t4OXNYUGZMOWdOMHkxUGNadS1KRnV4NXlNT01zeUxFR1hoNGlKTWctaW50RDdJbHBmOEpQYzFiWGxpT1dMUGJDbUg5bFRWX184SjlNeFdNZm0ycjZxU015TWMwRnFoT0tBNERYRFF5d1FpNkZpWng4ekYwRG1jbmx4OEFDWjR4ajcya1kweU1zNENwVUFvZjlMd2dSRjlTSEJ6SkFQZWk5bEF0UjZmcmZkNHFFNlkyUlc1QWhfZi00RnlNUHBmZldSaDZjTmhF?oc=5,Boston 25 News,2026-09-03,positive
MBTA,Teen Dies After Falling Onto Electrified Third Rail at Subway Station While Trying to Save Girlfriend - People.com,https://news.google.com/rss/articles/CBMiyAFBVV95cUxQbjRPY2xOQldNMzYxelNWdFV5R2JJVy1fOFNjb01OM0JDQ1daWjFZRHZfU25DV25rbkRWMHlhUTdsTGgxLTNnc0I4LUhQdng1ZGE4TzZEenpHLXBxeGNGQXdyVXZ4MERkaXowRDZ4ZVlsWGtpRklsZDN3UjYzRzNjSHF5M2dEeHh4cTZGbHo1eTVIQXl1QzVIanFCdlprLURBWFU5ZF9Kb2N3d0xVRl92cGhVWHJEOTRrNWwwdmlkWmFmUldERUo4bg?oc=5,People.com,2026-09-03,positive
MBTA,MBTA Red Line Closures - the City of Cambridge (.gov),https://news.google.com/rss/articles/CBMifEFVX3lxTE80UDFsSnpaQkp2SWNYNTQwTDhIb2JPdktIUjRyU1UyYUlyRlJNaFkzWjhjYWQwSF91cWwxNWdGNUh3VjhkaTRDLWFXSnNveUNKWWc0UG1mOGE4NUM5ZjQxR0g1cDBHSE5WT1BqOGJReHdjQ1ZBSkZ5OHpJSDU?oc=5,the City of Cambridge (.gov),2026-09-03,neutral
MBTA,MBTA introduces fourth heritage locomotive - Yahoo,https://news.google.com/rss/articles/CBMimAFBVV95cUxQVEpYRFBtM3Y2aVFKQmxPeWgwMU5iMlZLeXFES2QxM3RNRUg3R1VXaEJZd1dLMWhoSERzNU5tQU1LaU5JV0JNTHo4SGI4UjNkZkQ1QmlKMkViMUlCUjF2STh5b0RBa3VsLUtJSmFvT2paNHcxbFVMZm1DVWlGb0RBaHRnbllILUFHOGV3b1FGbHlYVTQ1X3ctSw?oc=5,Yahoo,2026-09-03,neutral
MBTA,Another big MBTA closure is coming up. Why are there so many this month? - WBUR,https://news.google.com/rss/articles/CBMiggFBVV95cUxOYTFFMjBuN1g4TVl5Rk1Vb28xNlA5X2o5My1VTUpEUzJwNy03ODl1NDFUSExuUWxvZC14dHVFNGVydzI4ZlE0cTkwc3hqTkxwczF1NElVRWxGY1lrejZCYXZnMVpENzNjRjdzRC1DUEdiejFoSUpQTEdWdnM1bGVSS05n?oc=5,WBUR,2026-09-03,neutral
MBTA,"Phil Eng's Professional Derailment Costs the T An Experienced Leader, Plus a $495K Settlement - Streetsblog Massachusetts",https://news.google.com/rss/articles/CBMiygFBVV95cUxQZ2tQbG8xRmVrV3F4TjZmMVNfRmZUZWkzakQ2T09fdTF2dFM3N0Vpc2ZYSEZKX3hGZjY3Q0lmd0ZDanQ2TUNGRjItdkFSeWNlOWk0QU9MVDM4OWFLeWR1M2EzWXlRQkphUVpwWmJDQ21UZGhwSnQzXzlEaTd5Q1JEN1UyN2JDYWVLNjRsYkt2b3IzR3Q4b0hOdHNWM0tUOWhNNWduMV85c1NNV2hfV25WcjFxRnJjNUlIeHV4d3Z6NkRtQ2JwbGpSZWxB?oc=5,Streetsblog Massachusetts,2026-09-03,neutral
MBTA,Parts of MBTA's Green Line suspended for 9 days. Here's what you need to know - WCVB,https://news.google.com/rss/articles/CBMiowFBVV95cUxNRVBpVEpRQkY0U05yUndJVXVsYTBYUzlxdVZ3bHlRTHFGaDVaVTlwQzFxOFM0RjV5aUhDTkVKaGNNOVR4RjdfVmRxMjJib3NiYy1ucWtfMHRxNzVoTEdqTUExS0ZJRHMyV1JaSzR3ZUJScDV4Qk9pbE5BMHQzVVYxSzZaY0pOMlVDUnB1UDJscDRLdmZOd1FXQ1g5TUc5ekxhTFpV?oc=5,WCVB,2026-09-03,negative
MBTA,MBTA pays $500K settlement to employee in Phil Eng hair-pulling incident - Boston.com,https://news.google.com/rss/articles/CBMivwFBVV95cUxOalFSeFdCSVZkT2M3RzhaLS1JbTl6cXlTYkRMTlRyRGhrVS1yOXhwYjZzVG9lMTRQZng2dndNMkZBZFJoNVl6bTlVX0tSQU5nWmJaWU5EQWxaOVR1YzVGeWhjQzg2LUIyaUF3ZzhyQV8tUldNSUlaZV9EVkdRTjJWZEYzU2ZlRGRyUHpiZXhMYXNnd1FzWGxManEtOVZRYkxXejRLVnAtZ2NpeW9LSjNEUmRSVlEzRUZlUGJ3dkZQOA?oc=5,Boston.com,2026-09-03,neutral
MBTA,Teen Killed After Falling Onto Tracks At MBTA Station Was Trying To Save His Girlfriend - DailyVoice.com,https://news.google.com/rss/articles/CBMikAFBVV95cUxNUG5fcDBoVi0yMjlKY2QyZ0ZyZVRxZXdVb3didDhnQXdtOVBXQzFxVF9PNXoxQ011Y3dPYlRLS3YtbXV2ZVFidWFLR1p4YTloTWp6T2FSM1RCVVNZbDRlZDZWb043RXpGREthV29vMFhWYkhJSloxUzUxZmVyalB5VDNPMG9lUk5BUkVQcjZncDQ?oc=5,DailyVoice.com,2026-09-03,negative
MBTA,"MBTA to Close Red Line Service and Replace with Shuttle Buses at All Cambridge Stations July 21–30, 2026 - the City of Cambridge (.gov)",https://news.google.com/rss/articles/CBMijwFBVV95cUxNYXJlWXJzOVFCTWVYRDNTVTlmQ0pqZmNKNnNWeFFsRkw1dm5XcE9vXzBzM082OWFhWF9pcUVWeWlvSVU1MGt0dXFqeU04TVBlOUdsZ3k1V2VJQ1gzMU92ZXNZRVRuamo0UXJLRVFzbDdtWGZMc1hGcTU4c0FPOU5FSS1aaTBHaUUyaURHOElZUQ?oc=5,the City of Cambridge (.gov),2026-09-03,neutral
MBTA,"Young man dies rescuing girlfriend from MBTA tracks, family calls for safety upgrades - Yahoo",https://news.google.com/rss/articles/CBMijgFBVV95cUxNektvSzZoNEJYaF9mYi1XaEVhdVRSZld5cUJvT0xCY21zYlhKUGJuRXdXMG9ZOEs2bUZnTzdoZDloYjFhV1RYc0xBRGk3XzAzX0MwOWdWa21xU1dVRkNNWUkzUDJOSnFvcENfbXotei1lUTRPZjBpSV9DaExvT3RwYm9QdlB2TXlyVE11VTBR?oc=5,Yahoo,2026-09-03,positive
MBTA,Teen killed in fall onto third rail at MBTA station identified - Yahoo,https://news.google.com/rss/articles/CBMihAFBVV95cUxOb0VKazhneWY5QVJGXzZDUFhkXzIwZktsaENRalRRZjMxdjV1WDEydC1oVE9qeEhBR3ZwQXZZMnlqZTgxX0Z5dEVCdlFSLXlkYTJDWlp5RkVoSmhodEdSTXVtSi1EMm95ZTBmcHdjMWFtX25KcnZGUWdnUXNFTGhsb3BUVnQ?oc=5,Yahoo,2026-09-03,negative
MBTA,September Brings More Disruptions Across MBTA - Franklin Observer,https://news.google.com/rss/articles/CBMirAFBVV95cUxPalBtblRZRzMzRENjT01ZTWJEalg2eW94dlF4eDFxd2ZYLXZ6QWZ6SUt5bFpTaU5ldDVHLTBhd0owN3dtRWRWblJxT3RqOWZsejZZVDQ0cjFjcWQ0bzBTT2JqazhoNzJNQ0xoU3VkU0ktRURmTkJqVUdvTlNmSWhtYUprdU0wY1doR19HOFVMa1JDZDB2UFZtaXc3di1YZlA4RE9JejVOWGxLbmEx?oc=5,Franklin Observer,2026-09-03,negative
MBTA,MBTA reaches $500K settlement with employee who says GM pulled her hair - NBC Boston,https://news.google.com/rss/articles/CBMitwFBVV95cUxNdU9yTXJNVDZPcFctVVY2bFFnWjBFM21zdkJCbGtSS1VyaEhLbjdtY0ZHNk5Qc181RVFwY1E2VnlZNERsRC1xeWVNdkJrbll1RTlzRkgxVTZwcW11NV8tWG5wLTIzeVNOdXVGT1I0dGhNQ3I1TWUzWlNPZ2FZRmNXdE84OFdLT3UyMmhVM1VhU0otaHROSWlQeFNrZlJtUWJVRHh1ZHhIc2VmQVQybkh6WmVra3BTSEXSAb8BQVVfeXFMTlMwdTcyQW1OeFBTZW8wcEtxQi1lMDFnRkNCRDRTOEE1WGdOdGQxcXdwNk5UOTczaXU5WHkxMWJqUzdqbi12ZmJaVjc2czNmajdaSWRPUlpYbGQwZ0laNnU2bVRzYzZVVnZ5cVBMbFRqM2YxS3FlVEN5cFpfMGhaRWRGNlBZVi01TGdiWndVUDkwTWZIbDlmTjNFRWlQSmtjRTdzOHIzbjRESGlJdDU1cTBxZkhoRWxteUJHaUYtZ1U?oc=5,NBC Boston,2026-09-03,neutral
MBTA,"MBTA Temporary Schedule Changes Begin July 27 - Town of Wellesley, MA (.gov)",https://news.google.com/rss/articles/CBMiYEFVX3lxTE52dTZxY2hDUEhRdDUxQ2NZTk5PZG9iUE0zcEJtTF84TmJEblZicGNFMVozeUJwWHBtNGE1VHJiRDFxUERmcDlwdHVFLUMwVmFyX2hFUHhCYUNRYXhQV2hybg?oc=5,"Town of Wellesley, MA (.gov)",2026-09-03,neutral
MBTA,"MBTA reaches $495,000 settlement with employee who says Eng pulled her hair - WCVB",https://news.google.com/rss/articles/CBMigwFBVV95cUxPN2VTNVdBR3NSZEJKZEEwNTZibzFUWkllUlRua2VxRDZGRFZxVjNsSU9yaVZlX0RjcXNWdmRHa0hBSjc1LS1nVUUtSXRHMFRCYVJPeUFSYWpJMDNTV2VuRVJlbWh3MTBqMEJfNnBFSGRnRWljbmhqODhGb0lFTTNKbUxzTQ?oc=5,WCVB,2026-09-03,neutral
MBTA,Green Line shutdown forces commuters onto shuttle buses as MBTA begins major infrastructure work - Boston 25 News,https://news.google.com/rss/articles/CBMi8wFBVV95cUxOZ0xyb09UN09sWnNxNVhNMmVxR1JHNERsdlBmY1h3ZGNSS3puNDk3RllQak8wWXAwN1lnaWF4RG1XVzBWMTEtUHNxcXU0SmxscjRqR1RyT2E4Y09DZ3lvbXRFSDRCTmg4Z0l5X2RUQzJhYTRhSUJMRzVwQnpPMk00LXIySy1ITkZoVl9pTTFVclVlVVVBRTk2ZTVPV2tZUXJWdmRreHpyaXhxNTB0UTJWbVNCb3Jua2NlQ0E0LWZaQWhoRnRvTnlKRi00YjY4TEk3bk9QaDA5c0IyWFlRV0dXYUhtam1tR1k2TnRDeGtNUXNibjTSAYcCQVVfeXFMTlFIcS1lNGZFMnd5OWIyTUdLM1lDYlNxY2xQWUQ2Y1o0UU5vQlhHR1BQd25hcFRuOEI5X1BxMUdSVXJrcGZVd2lPQ0xySzFCVDhQSl84bUdKYUNNTUFhQ2FrdWpoY3ozN0ZCY0VSZTRzWGFxWmNnTXQteDh4NXlDVHJnLUdRS1pINUZfMkRCR0xiaFZYRkpfQTlGXzVvQ25GNUo5R0xaSXAwTGFreVRJNW1tQlVTVnNpcUgyS0JuLUdqX3Bacll0eS1tNkRzVnJhdlA4SlZ2RzFYOUdJQmIxNnA2Vm85WFNPMmJiNWtvNmkwdUtCSFBNRlExbFgxSTNoTFIyUDJtYlE?oc=5,Boston 25 News,2026-09-03,neutral
MBTA,Inside the Orange Line's 11-day shutdown: new tracks and hopes for 55 mph travel - WBUR,https://news.google.com/rss/articles/CBMigAFBVV95cUxPQWRmakloOHVPLVNhNWlxQkdGUWN0ZEc2X01JVmZoTTJMeFl1U3gwcV9oUjgwTk4tR041SXNIbld3NU9wbmF4M1lHSEF0U3Z0RTh0U0RHWGhzRjJUTmNDcTVPcDVmZENWX3gxeHVvM2JqV3ZjUTBCX21Ta3B2VE8zYQ?oc=5,WBUR,2026-09-03,positive
MBTA,12-year-old seriously injured while train surfing on MBTA train - Boston 25 News,https://news.google.com/rss/articles/CBMixwFBVV95cUxNUnV4a2V0YW5rYlB3V2NTUnNmSlFNb3NpX1FWR21Ca1FEYkE3NXRyZHhORDAxMS1FR2RtbDNnWC1LWGRzUE1DMjNCOXhxYVlPTldEbzBNOF84UzM2U1NjNzJJRXpVUXlieS1RSERiazRFZlVPWUptOVhZTFdPSEFtYkVSM3JfWjc4X3FMZXFiWEwzUlNPajduWWZoY0hESU5LY1dHelM3bmljMHFsa3Q3b2hFTlpBUmlya0F4bFh1UzBmRWhhRVY00gHbAUFVX3lxTE9nbkQ0c3Z0NXJEZXY5Sk96dEZ2ek5aYUlTU3BXV2xEM0NIMm0zOGV3R3ZEbE83ZkxUNkVQb3lQTFExRE9PTzlrcHg4WWs2VXM4TTJza0VUM0Voa0RGWHg4aXVEZ0lOc2N3VDl1eXJsWmZDMVhGdTMzSFNVZXE2S1RVYmtHSFNwLXRRNXAxVEhGY3VDTmZBdkJ5QVJWbmdZMFVodVE4WmZMNm52ZGU5NkdVbkJBTmxVZVJLOHpqMndNcVFZZkR5MUFiVktvOEVYU0l6YTM0Q09yZm05Zw?oc=5,Boston 25 News,2026-09-03,negative
MBTA,The MBTA is suspending Orange Line service between Back Bay and Oak Grove for 11 days as crews work on major track and signal upgrades. - facebook.com,https://news.google.com/rss/articles/CBMi2gFBVV95cUxQbWcxei1wQXdMWkl4T3lmODFWRy1XaVAzb3otOFpJelFNOHJ0OVZkZEpRdmdESUN0amFRZndOOUhXbjRYMXhBOENfQkJheW5pdjhTNWlkemUzVUFSNXkzcVc3ZTNmSlRnM1Nuakowd3ZLaGY2QmUyRk4zU3BrQS1ZdGhoYk9GWnlqLWVmT2hZaTFzc2VuWEJsY3I5VjRzanlhUmRxRHE2VmZQcnVKdjN1SWczbktRZjlVZS1EcXR5eHJDZ1M4NkNfMk5uM1VlZzI0Tmp0T19qX2dlUQ?oc=5,facebook.com,2026-09-03,neutral
MBTA,"MBTA apologizes for continued Red Line problems after shutdown, explains what may be happening - CBS News",https://news.google.com/rss/articles/CBMigAFBVV95cUxNclBIMUhocFpvWDAwdkN0NktOQm90MW5ULTJxMW5rbzVOM2xkWDNFbXBpMmhEZDZENGwxNmE3eXBMNl9UVDhkMHFDdUhSSlBhaC1UckxkT0RrNkpFT18wUzhCQ0UtOFlzLVpDLXJ4NS0yWVZwN2dZMVEwRm90QThJTA?oc=5,CBS News,2026-09-03,negative
MBTA,MBTA heat delays: How rail temperature sensors help prevent safety risks - Boston 25 News,https://news.google.com/rss/articles/CBMi1gFBVV95cUxNdVIwOXlUTlAtLWZpZ2NTM1dsQzZkWmVMM2tEa3FOTmx3ekczcjVhdUVMc29JTHFWMGVqTEVGRkpKdGdxMUhXWXF1aVlyQkI1R3haY1dkRVJ2QUR3cmUtNVMwbWkxbVhSZjVmRGwwM1NEUjNhMkQtMGo3Q3dfU1N3Y0trd2JfT20tRmE4QV9qTkY0eXRGRXNNQ3ZraVN5Y1lramtOTUcxQ1daaGk4SHg2VzZSOEZfMGk4UFozdWdDTjQ2ZmoxeW5EVTJpT09HNWZ1NXRfTjl30gHqAUFVX3lxTE5Za1k3U19xN19MRURrQ3BMSm9XYjhMWmpmNlRpb3lFSnExMnFsZEJnSUZ4U0ZIcHEwRjNHNllZMDNLcGljQzBHeWFXVk1BU29UWS0tak5qTE1uWnB1NGNPbWJjY1ZiNk1aY0kzb1lvckZzSkpoYnRqX2syb3p0N0U2RVZWVVg0cGNPRVV2NzFCZ0dmakYySTludnlmNkUyMkxzX1RJd0h3WnRuSWhLRHM5bEN0RDl0N1EwZ3UzQ3R3YzUxWEtwdmpDU1JQbUpqVzBxaWttVnVXUU1rV09FTkV4S0hUalJjQnVTQQ?oc=5,Boston 25 News,2026-09-03,positive
MBTA,Boston University Alums Uncover a Glitch Enabling Free MBTA Rides - Boston University,https://news.google.com/rss/articles/CBMihgFBVV95cUxQSElvR0RCX1lXZkNfTk1DVHd5VHJ3ZGItSVd3dFZ2NlhFc0lReDl0aFFPdU5obVRfT3JHc1phcVo3QkgyMUZtSHpGV0hwdFNPS2drVzd2RWEzX2xseXF4bFBGcnhMMHFUWXlfbmFva1U1SlBZZUgyV0k2QnUxazlkVk9tOE1DUQ?oc=5,Boston University,2026-09-03,positive
MBTA,MBTA Green Line B Branch Service to Be Suspended Twice in August - Boston University,https://news.google.com/rss/articles/CBMif0FVX3lxTE9adk1OXzBEdGJyVTc0ZkwwVDJjWFNqQkxTVzZ5Wl8xRFJVR01sN2hJbjdwWXhzcUprbVRRcU1EQ2lEMHZMbnNrWW82VzFzT0p2ZTluVHpRa0hFNTM2b1dhbVdwU1FMbFRnczN0dWhfWlZzMWtpX3A2VXd4NENYbFk?oc=5,Boston University,2026-09-03,negative
MBTA,2 Men Sought In Connection With Oak Grove MBTA Assault - Patch,https://news.google.com/rss/articles/CBMijgFBVV95cUxQWWVaZkdQbnhpbmRVNHpyVjJycGNUQUNma0prU3N2Z2trbk52bWFtekZCajd3QkEzY1RrNG5DYzJyMmtkSFd6ZlRBdGQ0UHNBN0ZHN19kdk9yeFZ1SWMzNDNmS0VhQjNheXF0NHpuOHdKYnRneUhHX0FGd3hJSUEyTnRRUHdSVFhZWFpCUkx3?oc=5,Patch,2026-09-03,negative
MBTA,MBTA will soon begin testing 3 new fare rules - Yahoo,https://news.google.com/rss/articles/CBMihgFBVV95cUxOWFUyZTlydHZoNFY0VUxVeTJrSXU1U0Q1NkVTLV8yVEJNX1pBa0c1T2I2M1FPeVZiUHdPWDhOYTBFWU9mTnEtZWxzbDlKc0J2dFNNMW5VNEtsMkppSkNzRFZlc2tQSlU0Z3pmQ0Y5ZFg5ZlRsXzFkeUpDMHdtZHp5Yk03ODVwZw?oc=5,Yahoo,2026-09-03,neutral
MBTA,"Report: scheduling, speeds & infrastructure must improve on Worcester line - Spectrum News",https://news.google.com/rss/articles/CBMilAFBVV95cUxOMUpyd1p2ZnYxbE82amVtMHUtRXNPTFc1TU5SV3BtbFZ3Tmpxa09rWE5qc3B5R1hZMTM3Q0Vvd2lEdUxLRjhrVFdfcFNtR1hBVWVBcVZzZWxGUnptT0t3d2VoSlJsWUs4ZXc1TjZDcXVycGVrR2c2YjlkZUM5dTBEbDU0Rzc2RlpDSnNRSzZyMGMwcUo0?oc=5,Spectrum News,2026-09-03,positive
The L,Today in Chicago History: The ‘L’ extension to O’Hare International Airport is opened - Chicago Tribune,https://news.google.com/rss/articles/CBMiekFVX3lxTE1qUkJPUEN5OGtRNVJDdUxGZXJHRWVFZ2M0LW1YTTRGQTBvak94SzMyX3hvMlVGQWxvOFB5eFVkTzEyQmNnZER1dFhLbGVZVXRVd0tUTVNPOThFQVRCRm1ON29OZ0p4OFZ6TkQyWVBEXy1pV0ZlTVZDSTFR?oc=5,Chicago Tribune,2026-09-03,neutral
The L,The Fragrance Foundation to Honor David Greenberg - WWD,https://news.google.com/rss/articles/CBMirgFBVV95cUxOQ1FYTWZpRHVhdlB3RUxpcTFlaUpCZGlra29uZnJUTnJjcmtOcTV0eXczWERnWU4ycjdRTERMU0N4eW1WRHZrMU1SdVVOX2Y4Y0FodlBFUWh0eFM1M2ZTclIxUDdmQU5PRVB2QWZZVzNjTUF3VnZuRk1GOEFxdHljaDRFSUdnU19BamE1NzFfOVBTTDV0V25wcHVwbDY1bFpNZnQza0Vud1RyTlJWcWc?oc=5,WWD,2026-09-03,positive
The L,L'Auberge Chez François Begins a New Chapter - alexandrialivingmagazine.com,https://news.google.com/rss/articles/CBMipgFBVV95cUxPakxTaTZocHRQQ3gyTDlkckJVTlRobFR0allGLTJ2WWhHOUdCa3p1VDM2S25WeVlwOWxtUlVYZzZmdlRRTzNMTU0yeElBb0hFdm1CY0J5RHQ1RDJCX3BNZUZsLTBMbjF4Y1ZMblZwb19scmVpM1FKWExlOEh0Yzh6OGFUZU9NMFFhN3JxSlhzWU5PbjBzSGFvRWFBbkZIZzV2T0RUbEVn?oc=5,alexandrialivingmagazine.com,2026-09-03,neutral
The L,"The 2026 Jeep Grand Cherokee L Summit Was My Family’s Favorite Review—After a Week, It Became Mine, Too - Yahoo Autos",https://news.google.com/rss/articles/CBMioAFBVV95cUxOWW1oYy1qY3NWZlVsZ3BpclFYeDBoQzIweHV4d2M3M3RGdVhfVW9XVWtOUnJPc2lldXF2NVZFY1ZCMW1TTlhTaS1XUkpwSmlLOG5HdjFuZkl1UEtwc2Q0M2NBYzJDVldZeFdyY1pKZFFUTUhPd0o1U19MX3A3TkVMeEhLSVRMeGtHVnFEaUZ3cnFJdnBlVXlzTDNldkx0allv?oc=5,Yahoo Autos,2026-09-03,positive
The L,Lucy in The L Word - Screencaps and Video - IMDb,https://news.google.com/rss/articles/CBMiZkFVX3lxTFBLN3JwT3FFRFNpcXNFTThLcWwzb1lfX1ZEZ3lpREU1VmZSRTNsdUlYR3pJSkNnOVNCQlZvMExwNW1ib2ZBUW1pTkRXM1JHOERzR09LWlBTOENhVE9IRzBVT0pnc1JEZw?oc=5,IMDb,2026-09-03,positive
The L,South Korea Reaches for a 6th-Gen Stealth Fighter - MiGFlug,https://news.google.com/rss/articles/CBMioAFBVV95cUxPaWVHZERnc2NTNmFpX2d4X25XUTNlbmtxVTIxSUQxR2p5ZTA4SU5WTkxWTXJHM1NWWG5wQV8wTzEwNXZVNDFLOTJnOGFET0FoM2kwcnVGUFhBZFJIWVhycTd5RlRrY3J1ZjF1YjZZZTg4ZXpIcDVfcG13aDcxSWZmWjBEYjhpTG85VnRtbU9zd1dENnBmTFZ6TkgtQnplbFVh?oc=5,MiGFlug,2026-09-03,neutral
The L,‘Mohawk’ To Leave Elkhart This Fall - Railfan & Railroad Magazine,https://news.google.com/rss/articles/CBMiZEFVX3lxTE80R3c4VWg0M3hvMXlaNVBUSkNwamlzYVAyZHI1R1M2bng3QzdpNUVSSHl6N0R5UmlJLTFFLWhiVVlmZTl3REpTTlZ0Z2E1Y3J6Q0RxTGkzN1RXZUJGNjBIMTJwdUw?oc=5,Railfan & Railroad Magazine,2026-09-03,negative
The L,L’Oréal to bring The Texture of Change hair education event to the US - Cosmetics Business,https://news.google.com/rss/articles/CBMifkFVX3lxTE01Q2lVN2JDT1BZb21LWWtNUU01T0JoakZWUnl0eGxPRlR3UG9ncE9SZmlPcG9RMC1qb19Xd250YzJQSVM2VlZZV2tjUlQybUJmNm1DNXM3WEo5UmNQYnJ2Y0RqbFVWTW9xSXE5T3R0d3gzaVB0Vnl6UC01TGFGUQ?oc=5,Cosmetics Business,2026-09-03,neutral
The L,Striking a chord: The L.Leroy Vox Temporis swaps a minute hand for a minute repeater - timeandtidewatches.com,https://news.google.com/rss/articles/CBMitgFBVV95cUxObW5LMGtZVlA3RWo0Z2ljUkxnNkxhVDlHdDRNUlVCV21kNVlHZmRnYTBnejFzNm5qek5sbm96NkE3SFJ1TjlwWjhWcVBnSHJOYkhGQ01QaHNzR3BfVjhyS0hzSDViT3JzV3ZSU0k3U3B5eGwzNG1VNWVfdDBaVGZEQzVUZUJBV2NOSzBLaHJuWDNWVkJlQ2l6T3Fxb3RfX04xX2Jldy1nNk1tZEF3dHlEMGVlV1ktdw?oc=5,timeandtidewatches.com,2026-09-03,positive
The L,Robyn McDougle named interim dean of the L. Douglas Wilder School of Government and Public Affairs - VCU Wilder School,https://news.google.com/rss/articles/CBMi5wFBVV95cUxQMXo4bDAzc0k2eXE1MmU2eWo2OFZYYnBpUHZyS1J6TjZLLW8tTWZObjM0NzdIeEh2MHVGaHM4dzF1Vkt3ajJEQXBjSVBKdVEyMWpKUGdSSEdEcHdaY000RmY3aFM4c205eUp4WnZLMExTY21ocDNwZlNoTWVXRmItdVRUUm9DM3p4YURNdGprZmwwYWl6YU82aXpCbURDWmVITE5jdi1sbGRHS3BFM0RyVTNOSzFPcUFkN01ZWmFUX1FnY2ZnWk92RGRZM1Jia1YtS2RyWmpFR0l1NEFvOXM1eVVOVm96TzQ?oc=5,VCU Wilder School,2026-09-03,neutral
The L,Bootshaus installs L-Acoustics DJ and 360 degree A Series system for 22nd anniversary - Headliner Magazine,https://news.google.com/rss/articles/CBMiuwFBVV95cUxOTUc5Q25FSkZtd2RqUVVYNVdoNkJudTRYM3kwUkRaQ0J1TTR2WE1LU01WWW5QQmFuSk1RWWNCNjExcGRLdUZWaW5MLXdhVzJTT3E1czQ5dEtnd2tzTzBNckRIVTVyRHhpMGRZY0hOeG91bWJBUTgwTWJRU203TV85Y0JoYUtSdHVzSzNTZTVQTktsM3Y0dVREX0VNUEtJVndxYXIzYUxGSmlVRFp4ZzBpUXZEVkZoTzgzSFBj?oc=5,Headliner Magazine,2026-09-03,neutral
The L,MK Pick | L'Oréal Korea Reveals Winning Works from ‘2026 CREATE YOUR BEAUTY’ Competition for Artists with Developmental Disabilities - 매일경제,https://news.google.com/rss/articles/CBMiTkFVX3lxTE4yUTk3Z1k4TUFLb1VNQkpjVEozbE5aQzFlY05tSFlCZmZnX0tZR1UzZ0FkVWVLRjdCdlJLY2xHSGNRekNxMzFEbXNUWDF0dw?oc=5,매일경제,2026-09-03,positive
The L,L’Chaim: Lipsker – Morozow - collive.com,https://news.google.com/rss/articles/CBMiVkFVX3lxTE9OUE9lTDY4czBNUGZzNnJYS2RlSlVlQWVLUHVCbHFTSDVWS0J0MnhDUTZUcW9VQVZra0ZQUzFZUFo1SGlZZzFIR2czbEp4ZGRLTHZ1ZUVn?oc=5,collive.com,2026-09-03,neutral
The L,The L List - bocaratonobserver.com,https://news.google.com/rss/articles/CBMiYEFVX3lxTE9LZUxjU043S2MwbWVaQW1wTWozcTJFdUwtVWdidTBlMk03RnVIcDhSeXIzM0RuVWZxN0tLZ3o5M2ROT2doMFp2cFBHVmsyWTdlNFF1R0RIejNTbmVvdC1SQg?oc=5,bocaratonobserver.com,2026-09-03,positive
The L,Lose the ‘R’ Or Take the ‘L’? - The Dispatch,https://news.google.com/rss/articles/CBMigwFBVV95cUxNSWw3c2JlSV9LNmpDQ1RYbzVVUXUyRlRCSVFTaVJHaUpFS19KeDJGdTV1M3ZmQ3hJd2JXUUQweEotblE5NVN4RVdyYlIzU2ZUZGROZmJoSEhvZGZyTHpwUWlKMW5zZXVnamFvYXdGcUg4WkVKT1BtY3Q4YnpiTGtFOGVHMA?oc=5,The Dispatch,2026-09-03,negative
The L,The Macaroni-Shaped Pillow That Soothed My Aching Neck - The New York Times,https://news.google.com/rss/articles/CBMidkFVX3lxTE5aenNlZ3BrQV9PWEh4MmIwTl83OWdkZEpHdzZWWjhwSl9wYTJsNGl3RzV1VjZiSkY2QmtSbDRKV0pHNV9NTktvQ0xscm42WTNBamhVazRKdjUxcXNUMGdvVm5LT1JtVTNBMFlIMWwxV2d0cmdBcVE?oc=5,The New York Times,2026-09-03,negative
The L,The L’Oreal Infallible Cushion Foundation is Actually High End - slashedbeauty.com,https://news.google.com/rss/articles/CBMiekFVX3lxTFBOMEE4ejd1LVhxQnB5c0ZUMDJNWFZMR1JJQXJ3dXVZU1NQZUl4QlZmMnpvb0dobzRkak5JSE5PXzVRbzQwaXJzQVdlT0ZfcHY3N24xNDlJOFJnU1VHSFZqSGdfRGJkbm44WU1ZYzZvQy14VDRZcWFqYmRR?oc=5,slashedbeauty.com,2026-09-03,neutral
The L,I Might Cheat On My Partner: How “The L Word” Shaped My Pubescent Lesbian Brain - transyrambler.com,https://news.google.com/rss/articles/CBMitAFBVV95cUxONFREdnFKMVI1dGdTc3ljTmVQSU5VVWxpV2lock5acGVWTldBSnl4RWdRSmRFaVNLMXN4amNIOUNlTXV3dHhkODIxQmltdmNucGw5Q1g0ZnRqRG82X3VzOFA4M1BGQmF3d01OaUVucXhxekI4S3otVE5fTThuVEVxWUl2VGFRal9KYmY0NUg5RzVXcnpjZHpDMTlrVnlYZVFIRkxWamZoZktlblNncUlZWVMzOVo?oc=5,transyrambler.com,2026-09-03,neutral
The L,"""SBC versus smoking on the CTA"" part five: Posting pizza-themed PSAs against puffing on the 'L' at every Blue stop provided a slice of Windy City life - Streetsblog Chicago",https://news.google.com/rss/articles/CBMilAJBVV95cUxQQ0czMTVrZUxONVN6QlNOOWJOa0l3R0xvcjB4MG4xV09rWXNKaEl3ZzJ5T2MyN1RiTUxvTk1NXy13Q1pUdXV1SG1oQW95d0JtNDdVQ1pfVVBGWTRmcmE3aFJuanZ6Nzc3XzdGN3ZWTk9nLUYxaVZ2MjJZX2dJUHJJOXFCZFU1akkzQi1UdGdQSDRkOUNpS1JjN0FMZGlod2pKeURNM1d1N3YzVmFNdkVRYnpiRno4a2V2OUl0U1AyUHlvMjU0QVBSXzZrX2kwSUhoWk40cTM4Y1VLdEw5a2RqR2RCUlhLek0yQmprOHNCLVJfV0JvYWx4YWx1dXdoODBYbDZVTVZFczZNaHczRjFOVDZxcE8?oc=5,Streetsblog Chicago,2026-09-03,negative
The L,1924 Lincoln L Series Truck Is the Blackwood Predecessor the Luxury Brand Never Built - autoevolution,https://news.google.com/rss/articles/CBMizAFBVV95cUxPc1FCdHdSWUdsN0d2TjdDdnI5b0NqMTVNbU9jM3BHUV9pcm5DSTNFZEJEcGhYdFk3VWJYam1nRm4tck1XQkNOdXYxYnlkT2hCYzd3NXp5LVVrLTNDanNZZWtCeVhnNS1YMk1DZGxFZTVjVkNVMWtkU3RhWjR0ZUMtaW1qREpCYTEyM2Y3bFRxUFVCVnA3X25paVp1bHZrSUtkYnBzdUJSbjVYOGl0RExuWUJCNDJUTi1MVEpyMmJ4X29wNFdVSDl0YzhxenE?oc=5,autoevolution,2026-09-03,positive
The L,New Law Puts Cook County Sheriff’s Police on the ‘L.’ Here’s How It Works - WTTW News,https://news.google.com/rss/articles/CBMinAFBVV95cUxNaTdTWDNLalB3bFBnNlEwalo4YXJLYmZPZUNTRTlrZ3RYcEVOdnVVdlV4Zi1Vb2c0RVZ3WXBzOHdKVm0wTWdNbWFwa2ZOcWw1SFZqZXZpSlEzcDlGX1g1TXVMZF95bXRxbF9hUDhaSTR6SVpNN09wbGdlRU00RTZSZTRaQVZBRG9rZ1pORDFCbGhfdDlXaHpsRlRRN1o?oc=5,WTTW News,2026-09-03,neutral
The L,Robyn McDougle named interim dean of the L. Douglas Wilder School of Government and Public Affairs - news.vcu.edu,https://news.google.com/rss/articles/CBMiowFBVV95cUxQd2RmQkhnZk5KcTh6V25SMk54aS1aalFwVTdYUXJLTjRUN2s3eEdkQ1J4SEMtTGx4RlRRSl9NOERfUE5sdjNmWVV1NWNWN3VuTC01MnM2MURPMnlkVlFuYVl3ZDlBbnRxUnYtWjYycXliYjJUUmR3ZHVXb1RmMlFFcm1MYUhZVmVsLXhkQlZhWTRWYm9RY3E5aFlqOGxCZTZ4N0gw?oc=5,news.vcu.edu,2026-09-03,neutral
The L,The Willpower to Start: Melanie Bianchi Goes Toe to Toe with the L’Étape – and Herself - Škoda We Love Cycling,https://news.google.com/rss/articles/CBMiqgFBVV95cUxONXlsZWczUUgzandsS0RjWUhVRnlFeEdNSkdteXlBdTZwSUdub2xXLXotUnloSkFraWZVUWt1NTJXdFJrZ2l1cUVTalh5YzNJb1NkSlpfNk1aNS1tTkExSWpUZVQ2TVFGZVYwSHV1NkZLOHYzMjJlWkpHeFA0RWtZV3RQbHRjNEN1ODdWbWRlc0VHbWlrdWpZWXFxWXlXZzJSZDRDMnJZRUJ0Zw?oc=5,Škoda We Love Cycling,2026-09-03,positive
The L,Traffic jams from a crash with 4 injured in El Vendrell trigger a second accident on the AP-7 - APD Noticies,https://news.google.com/rss/articles/CBMi4wFBVV95cUxQSWN3cmxmaEloQTRFWGdyaGpzelNWdGwzaFdrdnpnZ2xGcF9yUXN5aVlEWjlXNy1oa3lNLWxELTdkTlNLSnpjTDhKMVVSSmZReHNpbFdtbDJ6dDROa0lENGFzNjl4eDlidG5QUi1zX28wSlhRZzZScFdobzZLOWhXVm5VekxnaTJ1VFF2MkpHSzhxWGxUOUhGUDlOWGdGWE42TDVRdk9VSW9hUVc0UUZyRWpuaTJ3UG1NZEk1NTNQMWN2enBhcUNOWHp3eWNGTTJnUGVqZzh3ZEVjeVBhcGtNeWIzNA?oc=5,APD Noticies,2026-09-03,negative
The L,Becky Hammon defends load management even if Aces have to ‘take the L’ vs. Liberty - The Athletic - The New York Times,https://news.google.com/rss/articles/CBMimgFBVV95cUxNSnQzUnN3emFrWHpPSTlOQkdUNzdPcERtWWJ2M25JdWE1N1R5LUttZHBMNzBhMkhIWjJHbmZUQXJ5MkRxcFRyTF9QUGNBOVlpekUwWGZHRmJfOWJwaXJ2a21vQkp2THUwS1FjWk5YSHNFRm5POHd1cll0U1Q4eEY5akc4MXFPNUVpaURacm14V0xJVE5WMUFORWdR?oc=5,The New York Times,2026-09-03,positive
The L,Community spaces under the ‘L’ - CTA,https://news.google.com/rss/articles/CBMiYkFVX3lxTFBMR3h6Q0lHLWp2M1NqdkJCbzRZMGxUVGh6dVpNaGcxZ0VYY1dnaUlnNndpMjNuNG5hUk5IbDJxSnlXVXFhM25qMDlWRWJGZ0RrM1FyZC1PR2U5aHJCLWE4VnN3?oc=5,CTA,2026-09-03,neutral
The L,Back in the “L” Column - coveringthecorner.com,https://news.google.com/rss/articles/CBMingFBVV95cUxOTllLazlaX2UwV05yaThsaGtRSm9VMmVnZWhpb1ZaNUxRcGJSdUVSU2pvMmVWU21OSHVUTWpKX1RNMTIzUzJtcU1mNGxFQ0VIZzBlQlVuc0lCQVFDY0JHekg0OEFMemVhZ2xyRFFsWkF1RF8wakRBck9QMVNuNlNyOTRIN2RhVmEyYnVpclRSRDhxaEZnbjRxTFdUNE5JUQ?oc=5,coveringthecorner.com,2026-09-03,neutral
The L,'So Gay For You' Book From 'L Word' Stars In Works As TV Series - Deadline,https://news.google.com/rss/articles/CBMiekFVX3lxTE1Wc0NMbXExa0gtQk15YVl4M2RwdlEzbm1CaHNUdnBDQUNEdENkMVhiNVBzbXR2a2lWb1hISjY2NndpMXRSSGhUb3FYdmMxVmNQei1oWHFqYWliLVlEay1ZcWJJV2VHZk5kRENHNmZ4VE5MaEtzM1h0c2Zn?oc=5,Deadline,2026-09-03,neutral
The L,The L-Fund’s Luck Be a Lady Gala Raises Record-Breaking Funds - palmspringslife.com,https://news.google.com/rss/articles/CBMiuwFBVV95cUxOV2tJcTRUeUxndXRSMGMweWR1N0Jxb1p0VzlhUG1KbGZHbFBvcUoxOTU1cnJjSWgyd0FRWV9yTG1MZzhrQ1A3bU8zdGhVWUpzbVlkN0JYbnhWU19hWEZhcE1PdlUtMi14eWxHX3pRY0lGVEJHY0ZpcGpEWDczck96ak5nYU42RWo2LXloSjdhdHRnX1hJcTR5QUFVUnd2Sk9aXzBjNWkzMnBzWHFYQWlTY1Q0cklVVS0xZVhv?oc=5,palmspringslife.com,2026-09-03,positive
The L,Brooks Nader’s Plunging L’IDEE Dress Is Also Completely See-Through - theFashionSpot,https://news.google.com/rss/articles/CBMingFBVV95cUxOeWhaUmNzRFJkRlZpN1g3MUEzVHBCUVBpb01Pb0w5SDFtcWt0a3NGc0VXYXA0SzlDNm90VWgxUTVjVVAwcE1lTjdiYkJ2SjdMMXdWTHZ2UGRBQi1EVmtqZERicW5WUTBOSXN4Ull6UzFtUDJaRjRTQktDWm10VGw2clB1elpqeFZKVEpQa2F6TzFzN0QyVTVhbjVHd0FGZ9IBowFBVV95cUxPM0RvMU9IeXpRSjFuVU5OUDFmd0RtSXBTb19SYVltVmhwbVQ3d1FwZ2h4T1VwLUtmcDJDZUl1SXZKZTN4QWdHakQ5cWpPaWlYOUdOZm1NdV91TVVfaTRTTWs1VUN6cHBpMTRGR1FvM2hwV2pNOXJLRldSSmRsNUJabWxIUVVfLUo4NnBkVUhBVmd6dUVhbjFuZTZqZVFSUk1XVGJz?oc=5,theFashionSpot,2026-09-03,neutral
The L,The L Suite 2026 Legal AI Conference - Wilson Sonsini,https://news.google.com/rss/articles/CBMifEFVX3lxTE9UeWVmemtYczRVTEpUcmY5azJRX1ktOWpNU1BXUnJNZmk4MGd2YV9rX2NMUVFNVkl2ZHBCM0UwSXA1UDJBSjF1NnlIV0toWjJTeUdfMTZFb0RLLXdfZ2ZsOE1HOG1UWGNrTEw1V3Y3b3AxakR4ZGI1dVUtNGU?oc=5,Wilson Sonsini,2026-09-03,positive
The L,UWL unveils 10-foot stainless steel “Eagle in the L” sculpture - news8000.com,https://news.google.com/rss/articles/CBMi8wFBVV95cUxOZDFnTFBNeDRTY2ZVbEFZajVMRERwd0NLRE5lcXdHcUswYi1sTUNYY00xa3ZLek9GQV9ydHIyOWRNNlVmZ3FjUW4xM0RqR3QtMXRwYXhkU19MUEtxemRJeVBwb0dwN3IxMHhjUG15MFBkcWZTMDdGTEtrb3EwR1RxLVVLXzZHdk81bnNPbEU1cjhDcnpaQm1Iek9mdTZRbEtwdW9uVl9mZUZRVngzcVctMktaXzlFdWdZVUdXdjJDMjJicWJTdnZqenkwMk9GRG5rYzJoX211V0dYZF8wMjFKelpLNENHX09oV0QzcTNzMzN5Um8?oc=5,news8000.com,2026-09-03,neutral
The L,SPORTS: Aces rest the 'Big 3' take the 'L' in NY & Raiders Jalen Nailor gets mic'd up in - KSNV,https://news.google.com/rss/articles/CBMitgFBVV95cUxOYzRReGhlTEVCOVpTN25YNER0a3hBVjdXMUp0a0tmaWdLTDdiMnN3YzlJS0VTc2o2ODJJV29aUUh1Yzl0SmplclVrV0xEcHdXUjJYQk9vNUFkVmlmdEdRN1JwMC15bk5GOG1wVE9DUUFVM05QM0VEcTk2UHQ3dFdlMWp5eW1xUkRJTjBZTjd2N1p4bHZiS3pOS3k4eTZRVWtqSy1WRHVvTlNJRzNobk5qOVlwQzNtZw?oc=5,KSNV,2026-09-03,neutral
The L,"Comparison of the Safety and Efficacy of Oral L-arginine for the Treatment of Cognitive Impairment in Older Adults: A Prospective, Randomized, Placebo-Controlled Pilot Study - Cureus",https://news.google.com/rss/articles/CBMiswJBVV95cUxQWTJ6MUt2bmxhVENPQmROMS1VVmNXY2FOaXhlRmR4TzJmckVnVWg2ZnhYXzRBYzQ1M3RXNDdPVEZFY0E0N0hXQlZ2MFVvY0Zsc2xfSUNqS2IwLU1KVlNuSXByMFBubm5icFA2WEt0T2hxZy1Xb1FCU0VBZ2pmYTZldHhOdFBzSW5ieDNEazRwNERFZFhNMHlCQ0ZYQzdiTlVpREpyaDVVc1dwR29TU2V5YmM5NDh6S0kwR1FPRW1McWdvZWtNaTJOSG5BSUVxMy1KdktoTmJuNEcybkZWRFZtVmtoUlp2ZmoxQXJ0QU8yeEFwYTI5TUFrT254cFdueUVscXFMRWpsLVZqTkhwVy1PNjNTWEJmOHpwcEdmbmxWOUd0OHk2clJsNkRSRW8tZ0thOFQ4?oc=5,Cureus,2026-09-03,positive
The L,South Donegal road to close for 12 hours a day for two weeks - Donegal Live,https://news.google.com/rss/articles/CBMirAFBVV95cUxOa0Z5Ny1vUEw5YXRmRWEwaVpQNHVzN1R2aGlvMTlnLUJsQWRBMVFWcF9zTUlRNWRDVURVVnZvMExrSEtPSHhsb0lFNFoxa1JaT0J1VVJrcUYwQmozei11NkRIX0xqUTZKQ3l3cWxMWGVNWDBEdmtJVl80M3dHUzdrUWxrVlFjWHVRdnA0OEZtSjlGWDYzRk5ocFdLZmg5c3RLMkVHZ1BfNmVxNUpr?oc=5,Donegal Live,2026-09-03,neutral
The L,RTD January service changes include reinstating the L Line and resuming regular D and H line travel patterns - rtd-denver.com,https://news.google.com/rss/articles/CBMi6gFBVV95cUxQcTh3Rl9ZNzZEbzJ2cTlQN1FRX3c0cVNrZWt1N2M5Q1luTThqNVp2X2FDRlRRMHZUbmQyblBPdWUtWVJabW51bTc4b3RyRnMzWVF5NWFaeUZFeF9sOW42YXZYeTByN1FJeXhPdFFjVmtwNlA1ZTJPNk9mMl9Sb2t5Ymh0X1NlRGphZXlDV180RGVSRk1aT0V0aHZ1ZW1YdEtoZVNCTmZWQTlYWHgwdnljUDI5elp4SXVpbnVpamdRSnZaMjFlRUQtUGk5V0RfWmtkSnlyeldseUFhaXY1RHBnYjlDOThaLTJJdUE?oc=5,rtd-denver.com,2026-09-03,positive
The L,Why the “L” comes first: The AIDS Crisis and a Community that Showed Up - POZ,https://news.google.com/rss/articles/CBMidkFVX3lxTE4yRGFFSGl5cmFIanFGb1JwdjdKUlVPZHM2cGJsblg3MnNlUnZGcWhDM29YWDVOOEl6Q2ZPNWpIeDNrUnBrN3VfMkpfdjhZaEk2dTNrckpqaUxEMDlLZUg3YVhXN3A5RTBBaTBkNGU4VkRfQWZjbEE?oc=5,POZ,2026-09-03,negative
The L,The L’Epée 1839 Gekko and Belly Tank Racer: Two Very Different but Equally Fun Clocks - watchonista.com,https://news.google.com/rss/articles/CBMivwFBVV95cUxNdEJaN2t1Y0trZllxTjhiUGI2Qkt6eU1qbEVvSUtobGhZRmd6VFNqay1QdFozM2MtUy1kQVFseHUzVDRXcGp2VDJHNWJJbV9fbEs3eDdWQk9zUHB0VDRQX3hna0lCRFVtWDIwbnhmRnkwRkMyM2kxYnRnbGVIYU5FN0ZBdzhBZTFMaXpJdzA1R0JRWnhjS0FtamUwQzR4MGhRaFNlR2pRNDZYNThtX1BZVEZqSG56WmpzOUVzRE51Yw?oc=5,watchonista.com,2026-09-03,positive
The L,"On Supreme Court, Sedgwick County Republicans need to take the L and move on | Opinion - Yahoo",https://news.google.com/rss/articles/CBMiowFBVV95cUxQYkhabTl2RFAwRUp6aGN2R1Rjb3huNXlWUHhBSEs2bVZqdTR4Y0U2ODVBd2l3cXRLcVR2WVlWSkVqZjZMeC1ZT0JqQVpjaWxwRVF2eFY0VGZNYTA1QkNXQmM5S3YxcFNJUm1kQ0c3VGdTbmJ3MzFjZks4WFA0ZEw4RDJNblJDeGgwcTdqYWoxYm5FN0tSNWZtQUJvUjJYVmdTam1B?oc=5,Yahoo,2026-09-03,positive
The L,"Jennifer Beals (The L Word) is set to star opposite leads LL Cool J and Scott Caan in NCIS: New York, CBS' latest installment in the hit crime drama franchise. Read more below. - facebook.com",https://news.google.com/rss/articles/CBMi1gFBVV95cUxOQXo3NXIwZGtxMnppYTV3U0ZTUGpPMDBEdjYzejBmNGV2RFBNeHRkcTd1YUlYV2F4M214QktnUEM0MlZpbjFhOU0yMlZlS1FvTHF0eUdsMk1NdF9iaEo2TV9aRlJPdjV4WnpURHdnSlM2Tk9mSnFtdlY4NDh3ZHlOTUN6QnFTQ05KbnBkYUdEdElnUWdTUVlfdFJHc2RpTTVUdHQ3MVlMRlZIWUNmaWcyUE9RWUk5dEF4dWY5c1h1RFhVU0JNelVya19WUjhBSmlZX3hvcm13?oc=5,facebook.com,2026-09-03,positive
The L,L-1 Visa for New Offices in 2026: A Practical Guide for Companies Expanding to the United States - The National Law Review,https://news.google.com/rss/articles/CBMirAFBVV95cUxNbF9uRG9CSDZSUE1na0Y3ekJzbk1TVTdRdkNTcnVSUTFkbWM5Tk9JWV9YR1lKQm4wY2lkLWtDYlU1SGlGd1dsUjhmZ2NkZVMtNE9UdGxGMGVWNndDaFFHY1dBa2loRFZOaVdpdDhVbklXOGZwWVd2Nzh6V3hka3N4WjZGQXRmVDVkbVBweENxTVZtNHBkcWVsSHVWX0JETm1MY0IxYkxRR0JxZnA10gGyAUFVX3lxTFB2dVc0RVlzQTZ1RkdLaTJlaHY2bDk5ZE9Ba0tualF5OTJhMVF0VW4yOXpKREhfNkZESWQ5emwtOFRRMGJUYWZqa3RVNldKb3BwNUhfM2lIUGM0N0VYUmtTSUZWcTZtb21zWXdFLUtkUXJ0dFRtcE5td3E5OUw3OWExM25rX3RoRnk3RGd6NUxIU3dPMThrUU1nQ0RaUUZIdnlNbHhXVVZHY2FBNnA0aHN2eEE?oc=5,The National Law Review,2026-09-03,positive
The L,‘Honey I shrunk the L’ - evanstonnow.com,https://news.google.com/rss/articles/CBMiWEFVX3lxTE9BbzVYWTl4VjdsX1Rxb0lKbngyNzJtMmNIZExVUm5VdzlmTW5WLXFTd2ZvU3FuWFhVbmN5WkxrV25uV0VEZ3NlMDBaWWxIc3FkQzJsZ3d4c1o?oc=5,evanstonnow.com,2026-09-03,neutral
The L,These travel-focused smart glasses helped me find my way around my Greek vacation idyll — but I looked like a bit of an idiot - TechRadar,https://news.google.com/rss/articles/CBMivwJBVV95cUxNQ2l0eDFoZUVLc2tIMXlOclhDaTJsckdhMXhZXzhBVlM1UDBZUmlDZmZoVXl0MENmYnVfSjZUaWFpbTV3MW1HMWNtUF9mWlUwUXBmYVVWdjFjMXJkQnJ5dXA5N19mNkx0a0FVcnNnR1ZpVjJCTGFrMm5od3lWMWpvV3Z2SGQwMEJRb2MteElScFR3ZW1ONEFVZTNlMThfZEVlQXpxcUVTZFQ1M0xOMzBvQTdQc2ctclppS2pCeTdkbzdUZ3dLNUwwUVdJdWtMZmVJVWVSYi1XLWhQdFk0Q3VsNTVxWmo5TjktUjUxRE45WkFnc0JCRjZERWg0NEFDRnFiN2c2azNhMFpxeTRncWZ5X080eVpmNGROSXNXQzVKS0J0RmtkVWxoSnd2STh1RktZZ3NRMUZ3VWZWbmlOaG1F?oc=5,TechRadar,2026-09-03,negative
The L,From the J Curve to the L Curve: Can we avoid an 'AI-tocracy'? - I by IMD - imd.org,https://news.google.com/rss/articles/CBMinwFBVV95cUxNeHhsNzNURzhCRElMNkctUXhySGxDZlhlb2JGeF9mSVVBeGlFTGFuenRkQno5TnBHV1FqRXdzb1ZlSUdKZ21FMk1XWFJ3WmZ0TlBmbkNEbVBYVkJsbmp5aEhWUzR2ZWEzNWI3cjFoT3kyc1ptN0lFNU9NbnZidFlCVVpvTHA5MnhmbEFwR0ZHdW42OFdZMEVmMzNLb1NfdG8?oc=5,imd.org,2026-09-03,positive
The L,Palm Card: ‘The L Word’ in an election year - Audacy,https://news.google.com/rss/articles/CBMiigFBVV95cUxOUlZkOEtJVl9WbEV6QkphOUMwcldlRFZBcHIxSEhlYTZEVHNwOXlCeDlVSTlUSXlydm9xVDNSUFQtV0dCWDQ2VUh3MHR5YXRCa1dneGNwZHhmNUY3OUJYY1dKcUZnMFBZZXNMbTBEOWNYT0N1WWJXS3pia09QZVN1TGFJZmhadnZmblE?oc=5,Audacy,2026-09-03,positive
The L,"Royals stay on the L train, fall to Yankees 7-0 - Royals Review",https://news.google.com/rss/articles/CBMisAFBVV95cUxOa2JsQVZYQjA3aXpPWEN4SDdUTDVHanhCdE85cHFhWmhIaGJtbXNJd1RyTjRCdENkazZ4QjdROFBjQ1EyY0ZHZjQ1dVpZZ1Vjd0xjX25VVnlaN0xhNHVSc3BCajF4MF9yWXVnYUVrYWd2bF9TcXhOUkU2aThSeXZHNWsyMUNSelV0dVZ4MUxRN1pxTmdQeFgzZlIwSmZEMG9mcUNaMElVSmIzZ2hVTU1fMw?oc=5,Royals Review,2026-09-03,positive
The L,The L Suite Introduces New Community-Powered AI Tool for In-House Legal Teams - GlobeNewswire,https://news.google.com/rss/articles/CBMi4wFBVV95cUxQdTdDbW5lMmJfdDRwZk9yTmJzTktzVzV5dU1Zc0NWbmh4YzFRVVZDX01GR2xUZC1pcjhEZDFvQVFXZHhsSEhEQUhyQTJ6ZElRZk14TzV4UGcyMDByekFMS09Fb2VkaW1mamZ3TVZuV2lncXRvSjFfaWV3ZUhqMnk3RWlPUGNHM2xpdGt3MUYwLTRpU2xWNmJuMnROd2RfaVVNRDEzLTk4aHJuSVJRYlBTbUkxTnA0Njd3b3J1bVp2Nms4Y3ZWNG5TQ3NxSVkxeXZhamZVS0RwNGtVaVdCZDQtTTZlMA?oc=5,GlobeNewswire,2026-09-03,positive
The L,The L Suite Partners with Anthropic: In-House Counsel Tools Featured in Claude for the Legal Industry Launch - GlobeNewswire,https://news.google.com/rss/articles/CBMiiwJBVV95cUxQNm5oVnZZMHBWT3FCbHNBZkZqY2R4cTFnZVBNQ1pfVnRIeVU0bFc5aTNqSURHTkkwMkY4dmR6bnh5MzkxVDdEejF6QlZGNHlTeDg1bGE4NDR4aXRXMy1CaUJONEtydm5oN05tWlVwcldxd05xaWhuQjUxV2ZTelhUWEt1MGF1ekx4U0FkQWRMa1VIZlZ3X193VzNKc010Nzdsa05NUmJTeWxValMtbWZPa3Bna2pHZ2hETmJKQW1tV04zYmVzVHBtSVlXWHBFMl9qcUJFNlZFQndvVzJ2WFItM1J4Q2tFbm93LWs1WUpsTTZGMDZLZV9EalBZOE40dGVTNVZhZ1d1YlRKY2M?oc=5,GlobeNewswire,2026-09-03,positive
The L,L'Oréal and Nvidia to accelerate beauty discovery powered by predictive AI science - L'Oréal,https://news.google.com/rss/articles/CBMixwFBVV95cUxQd1dneUczXzd1RWJlX0w2UXZvZXZTX1dpS3FFSklJcEZwMnQwdzdlNkJVd2pwUTJqb1B3RFp3a0wwWENtRXRDWE5xWUg0RnA0ODktbzJ1amFzTnc2VzhFNUdudF9Fb3NWTFdyS0RHVVNVTkt2VzNzTU1aUXExRlBYOWlPMnd5TUp6Tk80cW5ibXN5Y3FsMkdXVldQOXFFRFlKZnVIY1BwWngtWlR5dDhwV1FkbXEtTGRya3RfRGhieFI5R21pZlJF?oc=5,L'Oréal,2026-09-03,positive
The L,L’Oréal commits an additional 50 million euros to its L’Oréal Fund for Women - L'Oréal,https://news.google.com/rss/articles/CBMixgFBVV95cUxNNjJEMlJxMGVVMEx2R2IzbUI2czAwd0gzMFJZRkM3azNZaUVPOGdiVEZBYVctYTczaFUwbjRUNWNTb0NLa0ZWR0pPTUhuNHJvcUIyR1g2OENWU1pGTHR4aWlKTU55b1BnRUhSbFFIWThCSnRfWHNyWFhOam9KTnYxNFVLc1VZeU5ySFQzY0c4NGVoSWJQTnphLVljdU0yQTBoZUxsakxPb2pBbUo3VjZXSUx1cENLZ3dQRzQwVnJ1UjcwTGJSVGc?oc=5,L'Oréal,2026-09-03,neutral
Washington Metropolitan Area Transit Authority,Inside the team that responds to all the complaints about Metro - The Washington Post,https://news.google.com/rss/articles/CBMipwFBVV95cUxNZloxLW1YZk9aSUxiQjk3T05SM0ZDTFBmN1haSEdheGJoeXBiUDQzQS12NDYyN1c2eHBkb241VkpfdmY3M0VZN2lUVHl0Z2l0cjRwY3FMLWN2V3dsdm5KSldWa1kzQXBLV0kxa0FyQ1psSXI0a0NBRnF1VG5MZzU2cjltZnUySzZCNXBSV1pHOWFzQ3oyRjF6cUNLeFRjSzhHdy14OVkwTQ?oc=5,The Washington Post,2026-09-03,negative
Washington Metropolitan Area Transit Authority,"UPDATE: Washington Metropolitan Area Transit Authority Has Begun Bus Shelter Replacement Work at Shady Grove East Metrorail Station in Rockville - Montgomery County, MD (.gov)",https://news.google.com/rss/articles/CBMiiAFBVV95cUxNZHFsN2NwejhON21BZm44MURDdzBXa0ZrZENfUzhTY3NUNURzWHJTbFhYMV9nSy04T29aVlJmU2pvNkR5UHJSQlVKLUdMQjc1M2lPTXJzSFhleFFza2xKODdwYUpjVFNod3lKZVdEdGJCMnlkanFIRXlMX3hXcnlJUXEwWkdQbldW?oc=5,"Montgomery County, MD (.gov)",2026-09-03,neutral
Washington Metropolitan Area Transit Authority,Why Trump's Strait of Hormuz blockade may affect DC public transportation - USA Today,https://news.google.com/rss/articles/CBMixAFBVV95cUxQUW5pcFBLN2VDY3lnb3kzblduUC15S1BzSnlFM0VzT3M5NkhoYWI3d2ZLODAwdUxvampvcGN5dXZsTWFhYkl3UVk5SjY5N0dyaktpb1ZUTkk2NGhxOEVmYWwtRlFBM1BjSnBlcFY2UnV2SDNZNl9wQmdZTDBQM01YclR5cjVDRG1LcGw4T01DSEIxeFhiVkVtOThpZXFVMjE5TFVBR0xRd1NxUVZTbXY1VG90enBNal9mblRHdWNUZmY5WHd6?oc=5,USA Today,2026-09-03,neutral
Washington Metropolitan Area Transit Authority,MT 2026 40 Under 40 Davis Rajtik - Mass Transit,https://news.google.com/rss/articles/CBMiywFBVV95cUxPbGpBa3pha1JZZlZFMm9jUkM4aTFQaThIZjdQbml1UUxreWpQZnhqS3IwN0Mwd2RmR0UzR0tQQzhfSGdhcy1Pdi1jVTR6emdWa1pmcXU3anI4emQzUjYzWmVJaWJLRGR4dEgtLUNuQ2hSblRGb1B3ODM0RDg2cVZBb2swUW1UdGhxRDhJOUxFbWZEbTdzb2g3TzRhanJOdXhzVi1YYTltX1JYUnBWQTU4Nm8zYlZWMEE5ckRuOGJpMVdudEVFOEZOYzNaOA?oc=5,Mass Transit,2026-09-03,neutral
Washington Metropolitan Area Transit Authority,Metro touts drop in crime across system - NBC4 Washington,https://news.google.com/rss/articles/CBMirgFBVV95cUxNZlFoeUtyX0p6b0RscmpvLUJ0blc0OWgwOVU5X2FsaVgwOWhKZC1MSFByZ0VJdUdhUWstd2RnT3ZSM3BtOTNDaV80VFF5aW9hMC10anl0ejU0cnRZTjUwUnhTQ2tkMjBRTnhRSUJiY01TM21yZVNGbGRveUJObEJrRE5pQjBUN3hDTnJJeU5TSWFZM2FXRXZzVmRNdTltWkNmQkpwbVNLQXU3MC1ocHfSAbYBQVVfeXFMT1R1YWRRRUliVXRObS1aenByeFFKTy10dkNXWFZ4RkMxWlhibjYxUkZ0UUlaSzFodTFJbkdNcDBJaW1WbmtEaDhWQjFiZTdxRUExSEZHaDUwWlVDaWlJTkVwUzN5ZG5ETWkxd3FFTjJlS1NteVhYNlpKemgxTTN3UU5IYjVmVElaUWhjbGJ2b1FGUXViVmxaX2dyS1hwdHBBdmV1blZiQUk4V1lHZjA3dVROYU5HaHc?oc=5,NBC4 Washington,2026-09-03,negative
Washington Metropolitan Area Transit Authority,How This McCourt Grad Helps Keep Metro Moving - McCourt School of Public Policy - Georgetown University,https://news.google.com/rss/articles/CBMijAFBVV95cUxQWWRnelVWWmE3aGtGY2IwWmpvZ2dQZGUzUjlSdjU5dHJnQXBxdWlfYWhlTnlUVjVQZURuWE9SM1RGUE9Hc0VwOXE3R29CM1ZFQkF2aVRfUGlQTDdFWUU5b2E3bkhWMnJadEFnUDZhcXBndldlOHQzLVF0bE01TDMxZEdDZjlxWVcySHNMNA?oc=5,McCourt School of Public Policy - Georgetown University,2026-09-03,positive
Washington Metropolitan Area Transit Authority,Metrobus operators push back on fare announcement policy citing safety concerns - WUSA9,https://news.google.com/rss/articles/CBMikwJBVV95cUxNbHpidm1seVpqaU9MT0w1M0ZTSG52WDJRbWVxdlBkSWV6aU54ZVI5NU1rUWtwRm1PeUM4blRXQ2l2blJSTG5FbGJRTGxXV0NUemM5SDJVVWpkVUZ6bjRmM0loV3FiX3JaenJnQmFILWJIMW1QNnJlSVpYMGN6OVRZa0lWUlRXdkxHbW90RXJXbWxZbjVqWXZjdnNGVzRYd25YWmlQZUxhSmtKcnVOc0tzSXB2OG5uUzdoYVljVjNSN1NJczNRbExjRHdTVHAyaXRZbnFER2NxYmV4X3B6cVV2S1k0ekNkR1NKSGNKZzRfWm9EOThsVlZIUVc4Y2RXdW9od3UwRVpiZHNXTG9nTHgwdFZFYw?oc=5,WUSA9,2026-09-03,positive
Washington Metropolitan Area Transit Authority,"Washington Spirit, Metro Agree to Partnership that Promotes Taking Transit to Games - Washington Spirit",https://news.google.com/rss/articles/CBMixwFBVV95cUxNcjNNSVNJNmY4aThrZm44WFQ0a0tJN3o4V3kyUDJfbEFTdXNnOTljRnYyd0xwMmVkR2V2bnNSLTRJcU5JY29Bb2ptZ0plWlNIcTBFek9xa2V0T29BazhmRjBDVnUwdlEwMVo5R2RJR0xUN0cySDh1dUkzWnBHRzlDMHVjX29iUWFoSUZJTEs2bUFqeU8zUFBPNVllRC1jTF9lc2o5b0ZvMUhpcGRnZkl3QXRtZmxvYk1xdWh4dzJDb2tQX2NLZVo4?oc=5,Washington Spirit,2026-09-03,positive
Washington Metropolitan Area Transit Authority,"Data Helps Washington, D.C., Transit Fine-tune Its Service - GovTech",https://news.google.com/rss/articles/CBMimgFBVV95cUxNUU5LVnkzVW5XeUd3bFc3TnZiLTZHRFo2eGdhS0hhU3FPUUUyR1JLRkFYQmphX25aQWxKZlhLeHFubndiRWpDa3NaRFpwVzl4dGt2WHBjakF2SUpzQkE4b2dRUVdZV3JhdFh4N2Z6QUhOcVlWeU5IMXJEQ2liNzZweW5VSENRaXIyWG1nLVlXblNha1VWTUQ4SDhB?oc=5,GovTech,2026-09-03,positive
Washington Metropolitan Area Transit Authority,Metro and IndyCar team up for a busy weekend of Freedom 250 Grand Prix events - WTOP News,https://news.google.com/rss/articles/CBMiqgFBVV95cUxPZHJ1cXRGN0F6cjhoSURZV0dfUllVOVFnNUZWWXF0Tmpyc1o0TXhvRHJhTnNxLXdPemlVTTB3UnhkbTA5NUFWYmlDRndJTnRNbGRWZUVORzBCVl83V0g1QnlZRUNxUEpDZlNYN2N6NU5PbGZJWHgtZERlM2RrcFFPZmRUbk1pWHlDQVJGakYzNVNoVUh6N2xzQ2hhMVhPcU1CTWtseC1lX0xDUQ?oc=5,WTOP News,2026-09-03,positive
Washington Metropolitan Area Transit Authority,"Mayor Bowser Celebrates More Than a Decade of Delivering Free Rides to Students Across DC, Marks New Milestone of 450,000 Kids Ride Free Cards Distributed | mayormb - Executive Office of the Mayor (.gov)",https://news.google.com/rss/articles/CBMitgFBVV95cUxNc0R0TDAwWkJmdGFvZmgtR3dBeVp5UGVrcXdvYjV1Q2tteEtBUHlVaGtNS3BHSXpLQThTV3A4dl9XUmlRT0J3LXVPMU03N1lQNi1uVnR4YUxuTUlYcUJXTHc2V2ZRcTRmWGtGZXBDRGNoZmdnMm1GTlVsZmxnNGU4VFVidWx3SlVnbnNzYUZ4dG5YVDBObGFKMTQwVWU4RE1HSUxpVHZEaHRuaEFqbTYydnBGRnlPUQ?oc=5,Executive Office of the Mayor (.gov),2026-09-03,positive
Washington Metropolitan Area Transit Authority,MARTA names 3 finalists in search for agency's next general manager and CEO - CBS News,https://news.google.com/rss/articles/CBMisgFBVV95cUxPNEI4bklYYk50a3VTbW4xS1hZZElfcWUwdHRnQmpkME5DbWtNbnViZ1pldldPejFWQ2MzODNmdTM3YW9mVzNDb0hQVUlLRFhieXg4Yjh3cWotVk5zVVVnWGNBb1BhY2I5b3lUX2V0RjZRTTRJcTV2TDgwd1llLW9BSDF1czAwQ0tfbjd5a21BT1B4TGpfX0pXekhQSUFWZ2hLT0hOY3Qxa083d01hNUtvSGZ3?oc=5,CBS News,2026-09-03,neutral
Washington Metropolitan Area Transit Authority,Opinion | What is undermining the recovery of D.C. transit - The Washington Post,https://news.google.com/rss/articles/CBMitAFBVV95cUxNbHQxNjA5bnk3Nm5nY3l4dE9URC01dFZUU0drOEd2REhWWTVUa044dmp6NkhSUl8xYk9EUVQ3VWFLNDRvYnlpUnlReUhKZG9lRngxWnFoQVlydVBqTWdpakc2dE5yZ0FpdmNVb3FOeTBzcHlTaUVFVDNaQ2N3azZGVmVRYTZ2T2F6UUtzaHROT1M3OEp6QUZIR2ZuakdYaWJYZkpRSzVNcHBjV0J1U01YcWFyMFo?oc=5,The Washington Post,2026-09-03,negative
Washington Metropolitan Area Transit Authority,"Washington Metropolitan Area Transit Authority Continues with Phase 2 of the Bus Shelter Replacement Work at Shady Grove East Metrorail Station in Rockville - Montgomery County, MD (.gov)",https://news.google.com/rss/articles/CBMiiAFBVV95cUxPUDlBcHZrb0FsUndCTi05NHp1S0wzbGo2SmZrRmJ2aFdiNktoWTd3YU1CR0h2SW9QcDZoWVBCYjhqU2F0LUVYZnhKekV2bENxdG9BcF9sSjlWVW9ibWkzbGJnSnd3WGEtaERNeWM2ZHRla3E0WmxuQnZET1RzNmFpY0NTdWVFXzhX?oc=5,"Montgomery County, MD (.gov)",2026-09-03,neutral
Washington Metropolitan Area Transit Authority,"Red Line delays caused by water intrusion, WMATA says - WUSA9",https://news.google.com/rss/articles/CBMi2gFBVV95cUxOM3lpQlg2ZEg4akhNQVdaV2dBS2F6dXhWTWl6dERmQUdYOFNUNWdxS2doWnNnU01MTDdCMF8yNkdVREt0eksxVm9Qb1ZMYWpMX0VSVEh0TElrOHNwTnNuelNkVDFFQ3ZKaGlRLTZ4SzJkdV9fU2F2ZU1VOEpLOG10Nzlob0VZcGpfeVVPVGFCaC1kR0xENVFaRnlUVk9TZ01LeGdGaXFmcjhqMXpMUEZyR2tGb0tUTnJJZF92OENLSzZpbXJQRW04eVhnWFdMdS1rYmpxeXliT1Yydw?oc=5,WUSA9,2026-09-03,neutral
Washington Metropolitan Area Transit Authority,Metro says it's so hot that trains must go slower - WUSA9,https://news.google.com/rss/articles/CBMiywFBVV95cUxNVGJGb3lUNmFFSTJHNTk5NXloTGpFY3JxRHpyOFhxTG5oVEJLTWdiWWJpbUZBSnI0Q24wUnNyUVpmQXktX01oYWJiNzJHWTV2d0stcG56WlhNSGxzWVAwTHlrSFJHQmxqMGdNdHNjM1A1UEJRYTRiOU1WMTFpQ3h5Ti1hMUZnMlpRYXN4cDdWN1dJanhLWXlSdERNeGs0akdKOGluQ2w3SDV1WWlFMVBqUkJ3MTNQa1JMdXp1NjdjaG05Vnl3MlV2elV2VQ?oc=5,WUSA9,2026-09-03,neutral
Washington Metropolitan Area Transit Authority,"Months after ending the DC Streetcar, leaders are considering a new transit line along H Street to get fans to RFK Stadium - WUSA9",https://news.google.com/rss/articles/CBMiwgFBVV95cUxNRE1HTTAxUzZRNTdDQzhBMUNHdWdnZUczZjZkeHBvMktlVFdHWkZvSW5QU2xwX1lkN3BmenNUQ3JyY0xYbDJ1Wk8zdnhSOVpxLWNuNEUxb0ktTG9HTk1Bckd1eXdXTEtMVGRvcWd5TzVVbXBleFVvYjEzN182QTlNOGZnYm5tcFN4MkpSQ2kxQ3MyUHRrMDloV0IxOTNSZ0JxMGdXUVRJbEVrd2FQS0stWUwtZWpMcmpQXzBmMHFQYTlyQQ?oc=5,WUSA9,2026-09-03,neutral
Washington Metropolitan Area Transit Authority,WMATA fare enforcement policy raises safety concerns among bus drivers’ union - WUSA9,https://news.google.com/rss/articles/CBMimwJBVV95cUxQWUhBYjR3SVIxOUlaVFNOLWhJV0RYX0c3aFlocUpNSzFCbUxrZWM0MnZGcGpVck1CTHViRmI3QUFWNXYtWHZ0ajZnZ3dXODhhRDdWdlBwMkhEMDQxdVVCUjIxT1ZHV2xtcmkwWDBCd0FWMUtHRmd4VHdsSklVWEYtV2dOLUVfd09CWl9uWnV6cG1yRzNfaTJvV2pWSlRtQXUydXdlV2FxR2g4MVJ5LW53czAyMHF1bWkxRDZyTDUxS3ROanNDTW9XaVlSMlQ1MjFQNXF1cW9pX1VraTd2R1N0dWU0VXhTOHhGWXAzbG1DTERBb0RDcmlRNGhMV1RIZ0NVN1kyQ1lHV216b2daRk12TGpHNmNtSkZId3Zz?oc=5,WUSA9,2026-09-03,positive
Washington Metropolitan Area Transit Authority,"Metro’s Blue Line, Silver Line partially shut down this weekend - WUSA9",https://news.google.com/rss/articles/CBMiwwFBVV95cUxQSXJubVVXemJITEQzTWlqWWFJdVRCV09xRFhtQWlJOTRibUw3cm90c3ExRjE3cWY2alVwQTdjWjhrSW9nTklyanY5ckJ5bEk1am9jcUlGb2RobUtVd2M3RXB1LWlQanZLaHRpODdpMFFPM3JQNFR5a3JQYThhX1hCUksyTHZKT3pVSHllNHNudnllTGJSenozcG1JQ1FvLVJJZ2NjamtFME9qSEF3OEFDOU1ZbXNpT012YVRnMEY4ZlpCNzA?oc=5,WUSA9,2026-09-03,neutral
Washington Metropolitan Area Transit Authority,WMATA releases list of major disruptions to Metro lines in 2027 - WUSA9,https://news.google.com/rss/articles/CBMixwFBVV95cUxOUEdtemJkdlhkeU1vbTJkRm05VWdRZWpCZ1ZDTmZKamZDRTFFV09DZXRvNFVfbG13dXljeDRvWk43bVdSY0lPRE5CelE5ak40NzN4RmNxSXFqOEhqNkF0eXd5YTFhSnVvcFYtVml1Z0xtUExJZmlkbFk3UW1xOGtMNHJ0UUk3UWxaM0s3SEkwV3c4Y25ETGh1eGstSDJNUzRjWVVSbVg3WndScmc4U0xTUHduTzhZNEVpVkpUT2lIamRCbkNFNmxv?oc=5,WUSA9,2026-09-03,negative
Washington Metropolitan Area Transit Authority,Metro Red Line trains return to normal after day of delays - WUSA9,https://news.google.com/rss/articles/CBMiywFBVV95cUxPeUc0dEV1T2FBM3NGTFRfbUlUZDFuWW43aUNNdTR6alRQNHN6MmQ0QWUxWF90Rkc2bEh3bHV4NnlpdHRFbVVzenpEZ0VHcTlOV1VMLW11MFdmVUNEdnpidTRCZkI1eG5EdmlhUzJkZUxjU2RDOW43OFZ2a1pYcVV5OG1RZmt2U1JmdEtZS0lSeXgweEVXOWNwY21OX0tGVW1fNUFiakRlZ3BmTHpJX0o5Uk5iOGhWc0RYeGNKelZKcURqSE9ibFNBR0NNOA?oc=5,WUSA9,2026-09-03,neutral
Washington Metropolitan Area Transit Authority,Red Line Shutdown: What commuters need to know for Summer 2026 - WUSA9,https://news.google.com/rss/articles/CBMi4wFBVV95cUxQemlCdzR3bFpiZzl4NmdNaDBEVTdDYUdYNjNEeFYwcFNPQk1Meko1Q0FPT19BSmlMZXl2M0lia2I2dHBMOURvQ3BBTGoyU3RNWHBzMWlJZGZXdEFnMHBTZks5UXlRTVBaRHF4cUZXa1Q3NUxNRlJqd040a09fM29vOTBJRG1CX0IySld6RTdackVST05tZVdZcjFJYldUU1d0MHhpdl80d1hoSnV2RjF0WURsQ2VncWt5ZFBBY0ZWeTV0Q0xRRkF3bFhkenZkbVZURS1fVlhlb2NObmZReF9mcFNLTQ?oc=5,WUSA9,2026-09-03,neutral
Washington Metropolitan Area Transit Authority,Indra Group to Equip the Entire Washington D.C. Subway Network With an Advanced Customer Terminal System - GlobeNewswire,https://news.google.com/rss/articles/CBMihgJBVV95cUxQWVZEUENKYzJ2N3NRMmdkVUI2OEY1dFo2VVhTUDBGWldYX1lEQWZxdnV6YkpfZkdNRW9IQTRxRE1QLUxEbDlxelh3bXl1TGhpZzFqbjJOUkJ6TjlZMnFYXzhxSUp1V2xZQl9vRWJndGNyVEthOWxZck96Qzk5SXYxZUVYSklROXF0aDZzRF9mNXROejZjbUEtQ1lDSnRXaHAxNm1uR0JSS3JLam5RWFJZbEVJUVYwbDRtbFdITGJ5c3NNb2p1WlU1V0p2WnpjLVZKTGNWOFBaN0p5cXVrelFKTVVIY0U1Y1UzSDdSelY3ZWFNMF9kd2xXVHFQdWlFTmFQRjJjZDhn?oc=5,GlobeNewswire,2026-09-03,positive
Washington Metropolitan Area Transit Authority,"A work vehicle hits a stopped Washington Metro train, leaving 11 people with minor injuries - The Washington Post",https://news.google.com/rss/articles/CBMiywFBVV95cUxPWU1xUnF0Yjl0cXJtMlZzeGF6WWFMX2loZ3VtcUpGVjl1Y3E2ZlMyMGxEOVVtdEhmbHV2M3dFV3ZBM1ZucEhDNnV4TlIxTEpVS3FQSzF2TUtpbEVwOHNiUm54cXd0MW9uOG1aajd3SU5LdXRxeDJMRENmdHBqb1Y5bERpZEZSbkdUS2xOWS1SR21aTWFRWDhTd1BtWGlzWlNCczhLQ3dERjhPZnNRb1hQb0lrdE55MGJVQmNnTTNvb1dNNTJPX0x6Zy1MQQ?oc=5,The Washington Post,2026-09-03,negative
Washington Metropolitan Area Transit Authority,Metro proposes more frequent bus service on Alexandria-area route as part of revised fiscal year 2027 budget - The Alexandria Brief,https://news.google.com/rss/articles/CBMi2AFBVV95cUxPcGJWSGN0MWl6OFJGblNnUkxJWXFlNUxUUTAtQXJPZ25qQkNSZ3hqamw4MU13MjBLTlVReUdsODVWTklVbzA3X0VjT2NUemN2Q1AtdnpVLXpLLU81bDZRUF84RHVzWHdyclJFX1h0d2lLUVZiaWl0dHg3OEttZWRsTmp3WkNpZjZubzZHLXZVNnNqeUhLTFFSNEFGMnAzTU1uSU5IS19Nc0hyVlVnSXNxdkM1cVdIdllXOEJNR21yZ3ZUa05ObFViV0tpODQxTFN1amRrYTgydkE?oc=5,The Alexandria Brief,2026-09-03,neutral
Washington Metropolitan Area Transit Authority,Crowell & Moring Relocates D.C. Office to Newly Redeveloped Space In Penn Quarter - Crowell & Moring LLP,https://news.google.com/rss/articles/CBMixgFBVV95cUxNLTI1bzVOQlFlSk84YnJZR0JTVlVrY2ZZUnFUZU9OTmh5M0dScnRZTWFQbUwzeWVmX1AxNmJmaWdOZS1WTUl5N0hBT1Bnd0E2bEM5cy0wYnB0RmtwS1Atc09lcGFNN1ZYRk9IdXliS19xdjFaZm1RN1ZnOWR0am9pUEs2M0h6Z25Sem52VGtaTWFDMEJybmthRDcxaEtyVGxCX3VLeWtKSjRvUEVnS3dFcGU1MnRyeWNRUjY4WGFhOFIwLTdtd1E?oc=5,Crowell & Moring LLP,2026-09-03,neutral
Washington Metropolitan Area Transit Authority,"WMATA Adopts FY2027 Budget, Boosts Service Without Raising Fares - Metro Magazine",https://news.google.com/rss/articles/CBMioAFBVV95cUxNUFNIcWpXUkFzaGRBOEFMa0J5dXlVRHFfQUx3QzdINVRkOGpnQnA5aWVHWFVQMWNwdXpuWUt4dTV3OVBJb3FYajlySGtCWWw4SWZDTzN3aC1TeWY2d0JOSENEMXQwUm1abC1aMXhnZXBCdkx6RzN6emJ3M0R3MDU3NnBsLVg5U01aTjdoZ0ZSSG5mRy10QVFacV8wcW1rcTNH?oc=5,Metro Magazine,2026-09-03,positive
Washington Metropolitan Area Transit Authority,"WMATA Marking Metro Rail’s Gold Anniversary, America’s Semiquincentennial - Railway Age",https://news.google.com/rss/articles/CBMixAFBVV95cUxPLWU4Qkhqck4yNlpZOUh4Tkk0SlpZM0ZPdnB3VUpJMXdMY2xSVnR6T3p4ckNXR05tWXZSS25zYzdhbnpYLVhRbWJZQjFMMFhiUjNFdVJIQ2R6dktZMjdLQnNxVkNUVy0zZk5pM29zQTBrbnJMa2VtUTQxZUg3LUg5VjQ2R1NaOHo3Q3NwdGVpRFNuQmVIRml4MEhBOHdvYmlxWjc2U2xnaFZoN21mWXh6Qk1iZFNUd0R6bXZzS0RBR2VGOWRf?oc=5,Railway Age,2026-09-03,neutral
Washington Metropolitan Area Transit Authority,Search for new MARTA leader comes down to 3 candidates - AJC.com,https://news.google.com/rss/articles/CBMigwFBVV95cUxPdWRTd2QwOTF3N0tFYmZfOHc5aEl4YXF3RXhod2NJTlRtRVAyYVJVWHEzWWZNOF9zRVQ5aTA3aDBWa0I3WFNIN044NjZfekpWdVdXcjlWWEktb2tYR0gteDdoczZUUWhnV09mQm42d2ZmU0NJVUxaQ0w2RENLX1JWVHo3VQ?oc=5,AJC.com,2026-09-03,neutral
Washington Metropolitan Area Transit Authority,Regional Leaders Endorse Increased WMATA Funding - aptapassengertransport.com,https://news.google.com/rss/articles/CBMijAFBVV95cUxNaGRBVFRDZGVPN0pjV3NQbFN3NDJkT3dtdlBXNFpJNmY3cWNWeHdHQ2NPSGNON1BleGJiV1BGb3o2cEVQUlhXX0RDQWcwdjNhQjJQV2dsMDJNS0ZoaVVNalROcUpMdWdxYkZ6MlQ0cXR3WnNTUmZEaVR0aWVPVTZGX0ZwVFJZWW1kUUV5cQ?oc=5,aptapassengertransport.com,2026-09-03,positive
Washington Metropolitan Area Transit Authority,WMATA Expands U-Pass Program - Metro Magazine,https://news.google.com/rss/articles/CBMickFVX3lxTE1pVjZnS2dIa3E2SUE5V0NmeXhNTGdBRWF3QjFlN3NnMXg1RFJRUWFzVGN0UENrclRLaDlrc0h2cnBPMEhEWUpiclAwOGhudHRPaVVQLUxPeS15cGJ1T1ZBb0ZBckpTMUdyNEhxcklDV1Bfdw?oc=5,Metro Magazine,2026-09-03,neutral
Washington Metropolitan Area Transit Authority,WMATA board approves plan aimed at automating trains - FOX 5 DC,https://news.google.com/rss/articles/CBMigwFBVV95cUxOak5PQnRSTGJMbEtFVnRfYmFDbFhlUzZYSjVrcTdLOUxHWVFLOG9YLVlJQmRHSUtsSE14QlRUUFc5am14WnNPWVpJVHkzVFAyemhQSjdGTUZ4TTU3S09GNndLbDhKX1VzUUwyZTgxaUVwTW5BOXZZbkpkTFlENFY2ZjZTVdIBiAFBVV95cUxNUTBCQXFXQnZjNnNHc3NuQnQyaHRKbV9JSWJsRU1tS28yTnFXZnJWaGJyRHFSVmhiTWJFQVVjbURodnlOLVloVTJ4RjVNYnk0NkNCSVZ4YVh5STBzd0JCa1Y5dTF0Vmg4VzNQdTJfaUpBVTFzamZQOGpLdDc0ZHZvNFV0NGU1aUtW?oc=5,FOX 5 DC,2026-09-03,positive
Washington Metropolitan Area Transit Authority,Crews clear tree over tracks impacting Metro service in Virginia - WUSA9,https://news.google.com/rss/articles/CBMiwAFBVV95cUxNTGtybjIzb1ZGVWlVeXNvbVlMcWJ5bWxXaW5mczU0VHVteW1yZm9NdEIyaTVsS05Ea0IxQ1VXUlVyaGktbmF6aXlzaFprb29CUEhHemFGeVpTTGQwS2FPb2VCczhDZktzcmJoWXFPckxSRGRaRkU3d1UwZDJ1YXFGNG92eFM0TUEzbzloLTJuTThvS3pHTHZSd0JkUDYzdTBUT0YzN2dFX1FyZWx6WDJ1Zm8ySmFPZWZXZDNiUVdmNGY?oc=5,WUSA9,2026-09-03,positive
Washington Metropolitan Area Transit Authority,DC Metro CEO fires back at critics hammering him for picture with National Guard troops - 930 WFMD Free Talk,https://news.google.com/rss/articles/CBMivAFBVV95cUxQb1RaM2xOMzNWanczX216MzUwQzhsYlN6M2N0UVZMZlhXUFZKeUo5Qnc5NEJXeERoRUNpYm9BbnA1MmowYjkzQVBtRVdQRFU1bkR4dlVDMjZadjVQV3hoaDdNZTdaZjBudHJWOXFfQnItUDBCMVVwdlZOcC0yQndTeTVRVnptQkRFQmN3OFljNW4zTmdad0xNbmV3Q0dWU1ZUbXpWV21WZHUwZnJqdndjbWhETXRNcXdjakZNNw?oc=5,930 WFMD Free Talk,2026-09-03,positive
Washington Metropolitan Area Transit Authority,Olathe manufacturer will upgrade ticket terminals for D.C. metro system - The Business Journals,https://news.google.com/rss/articles/CBMiqAFBVV95cUxObmwxbXJLUUZqVklRdDBYcnJoLXNYdm9ZSjZHdDhSTVhicGlWNzdjUlM5QTA5R3Y0U1ZGZXNUb1JENGRsazVrUEJ2SUY1ZnBxc1haN2U1Y1o3SC1oX0dlNWxCMER0WFU1TU5wWDRkNTNwak1DdG5fZ2hfdTR3X2l0QVNIN0NSOHpQNlVrUXhrTzFkMm0zeGs5bTJKeEhDYXFkWVZMVnZuWWI?oc=5,The Business Journals,2026-09-03,neutral
Washington Metropolitan Area Transit Authority,"Metro suspending bus, Access service amid severe winter storm - WUSA9",https://news.google.com/rss/articles/CBMi4AFBVV95cUxNaktQRll6U2pSYTdFamdqSzR2VDN6cXFuT3BWYlFZMmU5Vnp6TGsxZHJJeGFYb2JkQnQ1YWlQbkRRRTVmNUkyRjhKZUxCMkxETUtOenlxSHRzTFR0ZVJLbjJvbUFxcmlDLWkwWnhQU05jQ0tfb2pxYnpvY3RYcGxMa3hBN2dlV0lpRkk2aHpDTXhMQlNsQlpQY2RkTXkwTUFUNHlDaHR0U1UwLWx6Q1BKWkpjU1ZYZVV2VTJiU2dXNkQzSWF4Qk02OVZ4VFRqeHdlS0dWQ1AzTkNYUlpGQ3R6Sw?oc=5,WUSA9,2026-09-03,negative
Washington Metropolitan Area Transit Authority,"Georgetown in talks to offer Metro’s U-Pass, giving students free unlimited rides - The Georgetown Voice",https://news.google.com/rss/articles/CBMiuwFBVV95cUxPMW00ZlhlS3dUYmxjQjlzZnN5WTlGN0hLMWJQQlRWazU0TE5CeDB0cVJUSHdfXzMyU21LRUFoLXd0a2lrQlBLS1lQM0Z2ekFPYlBRdlNuUEwxT3NrWm01NHg5alM3c2xWYUtGZmdaT2loZXhkeE5Bei1YblM1WjRucDhzMVdwdl95N3VDYWhTN0phdEYyZXpNRE5uWnpldTVELXJ5Rk5yb3A4c2JjMlUzRExET1E3YXlHS1Fr?oc=5,The Georgetown Voice,2026-09-03,positive
Washington Metropolitan Area Transit Authority,Portion of Metro's Red Line will be closed for 3 months this summer - WUSA9,https://news.google.com/rss/articles/CBMi7wFBVV95cUxQaC1HRWVOVlktZGQ0cmhKTklQZW52YmlhcTBLeDRhWGxFa1E0d1NpeXpLZFR2bzZYdmRNVkpzd2FxSXh0N3EwUkoyR1UtVTlCN0dlNGNyYnJXVEYzdFdMWWZraWJ3SGJ0UEhfWXFTVVA5eHpYbTFGR3dXSWFFaHhDdHE0Z1hKdmtWWTRDazh4TWZYdk5MZlpsRklFb0Zza0Y5T0dfVDJvc1NzeXAyY2h2LW5hdlptUFF0VlZ4NXVObVlDOXRyYzB2RjhvRkdGUkRNckJBR1VwRkhYNWZ6S1JiLWg4VGJZVjJYS2d1MmxVOA?oc=5,WUSA9,2026-09-03,neutral
Washington Metropolitan Area Transit Authority,"GU Expands Public Transit Partnership, Introduces Capitol Campus Programs - The Hoya",https://news.google.com/rss/articles/CBMinwFBVV95cUxNaUQ3Y2RONTZKMDU5UndkUXhiWUZoa2d3aE9yemdsck9DSzJzQnM5MS1FeUdXYUthYzdMcUI3ZGdMLXl5bHV3RGlSQ014bDFKaTh6ZEJaZTFFUDNkSzBFVmplYUl1dWsxNnJkUHh3bjJvUDVTcWtZN2NJTThUbU5LT1J2XzFVdG1HVFN0aUx4VE95ZWNMenRhYWNLaHBBWjg?oc=5,The Hoya,2026-09-03,neutral
Washington Metropolitan Area Transit Authority,Metro board unanimously approves train automation next step - WUSA9,https://news.google.com/rss/articles/CBMixwFBVV95cUxOVXdkbUgwSDc0Vjl4YTkySzJiZkVGMkI2NWJyRkdMOV92dnZRUHNpdUFWMDhvWXpGWmFhNkw0NDJZZDJtWkVTMFdWS09zNDd0cEg5aFdobFM0Nk1pQm9GNkY4NDkxYVlTWlNIUnVnbHozNy1TVU5laWdvaEZYQUMzUHJPZkhMR095cXNCa0phRGt1Q3JBYUlpYmplRFBTVnhlUUFXZTdJNUt3RG82akhxOWYyd0cyOHk3Qzk0bDljaEhMbmNxQ1dF?oc=5,WUSA9,2026-09-03,positive
Washington Metropolitan Area Transit Authority,"For people with disabilities, local elevator outages reflect nationwide problem - Streetcar Suburbs Publishing",https://news.google.com/rss/articles/CBMiwAFBVV95cUxPaGVydEJiUHhQbkFpSVlhdXJwNmZwSkU2WVRxbDJhVk5hMzhmSXlVRUt4blRMdzJ0cUZQREpENFJOY0ZyQmVvVWVxZkROSU5RUXZtc09ZbU5JajdnZkQzbUh5TWQ0Zmg1WjJRVzFVWEVfSHlLdjNqUGVwVml3aG1kbFp3bDFwcGxKekdkQzBKbmZxUl94eXd4NVdmSVA0SHFqbFpfWHNkYW9YVmt1dmwycHRnSlBET1RYVEF3dGtlNFg?oc=5,Streetcar Suburbs Publishing,2026-09-03,negative
Washington Metropolitan Area Transit Authority,Train Derails Near College Park With 11 Passengers Aboard: WMATA - Patch,https://news.google.com/rss/articles/CBMingFBVV95cUxNYVNrS0k0RkVrWWVMSGx2eGVZTHBFV0Z1ZktrcmQteHRqb1RCY0hZWjVhQ3RkZ1E1UTVodnlCWnduN2JqRUtPSWxwejNLUFdZMGFhZWNIT2E2OE9QNlRGU1R5MEVEVFlqdmdsRm9ScUlKVTJvdHNHZmlRenJTMGl1NkpVSGtkT0xRLVJFVzQ4RjYxZDdNaXZGN3dSOFlYUQ?oc=5,Patch,2026-09-03,negative
Washington Metropolitan Area Transit Authority,Metro may suspend service depending on weather conditions - DC News Now,https://news.google.com/rss/articles/CBMitAFBVV95cUxOT3J5aV9Mb2hUMGNmYjRFdGhDQ2NuekhrRmYtZmMxaW9wTW1VN2xNd3BiMUpteGh4UzJvZnJyb0o2ZDZfcHhxR25uUjFMWnlzRzRBUVUxT3Z3VnFOdUlYa2dhZXFtNE9EYWhSaVFHY3RDLUdWdjYwNmFlRVZWNGs5QW5GX0FSc0E0TWpSVy1ScGVROGVuR295Q0htTVFrZ0hXYm93aWVaWFd2SU5tVW82YzJOVmPSAboBQVVfeXFMT290aWpKU0lvYldkVHZOYVZIVzVOcU1SUTJIUlFyZC1xdUFnM0hSTW1IWVhJdFIzOWVUaXZKUC1nbG01MmVRUDVjYjRZRFVYWms1d2VmQWhRLUZvOUFwQVJKM0JZSkFBclhLdlppUzFQbEFJOGlwdTJtTFpYTjVQVzlwNDhJaV9IS0REWWp2UkQzTFZ3eU93QnYwQXpqeGV3N3BjcWpCamF3bjFRMTRXb190Z3FZLUgtNXh3?oc=5,DC News Now,2026-09-03,negative
Washington Metropolitan Area Transit Authority,WMATA Debuts New Electric Buses - Metro Magazine,https://news.google.com/rss/articles/CBMidkFVX3lxTE1yZzFZV0JJTEo4WE9ZeE5XSGJ5R2dabnRraXdiUE5jNEhhcVVPdzFzTktfdlBVcDIxcG14d0xIOEV0c3Z6Wnk4OC15TklLR2lSYi1jaUVkbkVCMm5tbXlqQ1ZzWk1ZTHM3Snd0OUhLTWFpdExFR2c?oc=5,Metro Magazine,2026-09-03,neutral
Washington Metropolitan Area Transit Authority,Transportation officials face pressure to get DC's transit system ready for the new RFK stadium site - WUSA9,https://news.google.com/rss/articles/CBMiiwJBVV95cUxQRFg5OFV0NXczVXpfNDk1OWtHbHc2STd4YVZDa2xZVlZTa3RJU3hIN0FnVEhPa2lHbVpFRlFlTjliekVwMGltSV9ZdmItQkRYMFloLXNtSC1YaFI5aGx3OHhIbHVqQkdjcW5pTkxRMDlNZXBjQkFSTEktckFOeVMwYm1US2RyTVVCNnp6WlRjOEhNZm4yeW5SVmpFN3VVejZkZUJMODZ6YzZlWXpSZ29pd3B1dWRneG1aZl85YW51aFl3Nng0cEloVWs3dFNKZHFUOTJWQTA1OWVqZXFCUF81djlLcU9RNTUtMlBsU19vOEZ6cXJSY1BoN3M2bUtueXZncmxla05GNWt5QjA?oc=5,WUSA9,2026-09-03,neutral
Washington Metropolitan Area Transit Authority,WMATA: Broken Third Rail Near New Carrollton - Railway Track and Structures,https://news.google.com/rss/articles/CBMigwFBVV95cUxQZDg5UVR0cUhpcXZOaG41NzJQaUptek5lNkY5VE9IOGd3ODBuNzFjNVFyV2hIenJVbXhQMnllTDF6SHRtaVg2LVZMSnRDZzB4a2tsa1VrRmNtaFM0d3luVXZ2dnAxSmYybHdqVFdoQmFNR0phUEgxZHp0ME5jeTM0OXE1Yw?oc=5,Railway Track and Structures,2026-09-03,negative
Washington Metropolitan Area Transit Authority,Why did PETA file a federal lawsuit against Washington DC's WMATA? - USA Today,https://news.google.com/rss/articles/CBMiwwFBVV95cUxPSk1fUlR2SGtPTlEwS0k2MmtDR1cyNDItY0dwZFZqQ2lDVUx1ejJOYW1vbi1GOXlpTVEwbDJjQVlKTTVQZkZ5ZTBoVkEwRDFCZDd4TXJiNC1fcFJ1RkEyd3g0NWs2YldiblU0TTRYSGpHWXJpdlVRMGU1ckRDeFNxMzBWOTZyT0lia1h5T0dtYVhvY3R0bnY3RmYzcldLdVJoeFdubjZXLXE2ckt6UEdKS21aNmZRN3FJZEFKZEpoNlBJS00?oc=5,USA Today,2026-09-03,negative
Washington Metropolitan Area Transit Authority,WMATA Implements Policy to Ban Violent Offenders and Other Serious Criminals - Metro Magazine,https://news.google.com/rss/articles/CBMisgFBVV95cUxPQThRbFlqU0w0SUR5cHF1Y2o4dnBoSEY5Z3oyUm5qY3JEXzZ0MTM1TEJOdVFvVHhueUs2TWdXZ1Fzejh2V2dPcnl2R1BLLThsMWNyLW1OQk5sbW5OLWtVbmRoUDd6aFVPZTA4UE5qSlFEMmhOdllBYU80cDdfX3ZqalU1TnZJc3FNVDNFdzBGMUI1WlVQQjhocHpxTGtlYUtLV01DRDkzUFJadTNlVnFCaWt3?oc=5,Metro Magazine,2026-09-03,negative
Washington Metropolitan Area Transit Authority,Elizabeth Sullivan - The Business Journals,https://news.google.com/rss/articles/CBMioAFBVV95cUxOc0JjbEJ0T0RJOWw3TzROVnZaMTk0a0UwT1FBREc3ZDMwaEl1bi0yQmc1MkVtVTZmalZ2WmlTc3h1ZzBjbEd6QUVJc0JacWxhamt0V2E0d3NPMXRpUUlwRzdjSEdiS0FqdGpMQTdHZEZvVG54R21sRXVlTzZ1MGhtYXZsVzZ0WVlJb3NER3Y4SzE3LU0wY2pxdmVySWVjUHR6?oc=5,The Business Journals,2026-09-03,neutral
Washington Metropolitan Area Transit Authority,Diamond Transportation cuts 715 jobs after losing major WMATA paratransit contract - The Business Journals,https://news.google.com/rss/articles/CBMirgFBVV95cUxQdktIT1RsUHdmMUticDUwTm5jaE5OUVlLZGFSSjJPMFY3c0FwdUZKUGt4eTdPZXJCVVFQWFNjME1OS2ZlZ1c4V2ZlWHR6el9wS3ltYmg4amsxWnNWU0Zlb3RnUmZRQ0VrekljcmN0TUlFYjRGWkw5YWdtTWd5TGQ2dkVrTWh5cDVHT2I0N1I5c2FZUEJyX240c3Z2RVFkazRhdHIzRGk0bW5XcnkzQlE?oc=5,The Business Journals,2026-09-03,negative
