date,company,title,url,position,snippet,sentiment,controlled
2026-08-21,OMNY,OMNY,https://omny.info/,1,One secure account to manage your travel · Reload your OMNY card · Track progress toward your 7-day fare cap · Manage your travel cards · Contact customer ...,positive,True
2026-08-21,OMNY,OMNY,https://en.wikipedia.org/wiki/OMNY,2,"OMNY (/ˈɒmni/ OM-nee, short for One Metro New York) is a contactless fare-payment system that has been implemented for use on public transit in the New York ...",neutral,False
2026-08-21,OMNY,Student OMNY Cards,https://www.schools.nyc.gov/school-life/transportation/student-omny-cards,3,"OMNY cards allow eligible students to get to and from school and school-related activities for free, all year, including on weekends.",neutral,False
2026-08-21,OMNY,Reduced-Fare OMNY,https://www.mta.info/fares-tolls/subway-bus/reduced-fare/omny,4,"Reduced-Fare OMNY lets you tap for half-price fares on MTA buses, subways, Staten Island Railway, Roosevelt Island Tram, and Hudson Rail Link.",positive,True
2026-08-21,OMNY,r/OMNY,https://www.reddit.com/r/OMNY/,5,"All things related to the OMNY payment card system in the New York Metro. The omny website is super glitchy too, making it very hard to pay ...",neutral,False
2026-08-21,OMNY,OMNY : le système pour les tickets de métro et de bus à ...,https://www.cnewyork.net/bons-plans/transports/omny/,6,OMNY est le nouveau système de paiement sans contact pour les transports publics à New York. Voici comment l'utiliser et combien ça coûte.,neutral,False
2026-08-21,Chicago Transit Authority,Chicago Transit Authority - CTA Buses & Train Service - 1-888 ...,https://www.transitchicago.com/,1,"Information about CTA bus and train service in and around Chicago. Find maps, schedules, service alerts, plan a trip, jobs, news and more!",positive,True
2026-08-21,Chicago Transit Authority,Chicago Transit Authority,https://en.wikipedia.org/wiki/Chicago_Transit_Authority,2,"The Chicago Transit Authority (CTA) is a public transit agency in Chicago, Illinois, United States. It operates the Chicago ""L"" rail system and CTA bus services ...",neutral,False
2026-08-21,Chicago Transit Authority,Chicago Transit Authority (CTA) - Travel Information,https://www.chicago.gov/city/en/depts/other/provdrs/cta.html,3,The CTA operates the nation's second largest public transportation system and covers the City of Chicago and 40 surrounding suburbs.,neutral,False
2026-08-21,Chicago Transit Authority,Chicago Transit Authority (@thecta),https://www.facebook.com/thecta/,4,"Welcome to the official CTA Facebook page. Serving Chicago & 35 surrounding suburbs. Rail Maintenance, Rail Station Management, Rail Operations, Our agency's ...",positive,True
2026-08-21,Chicago Transit Authority,Chicago Transit Authority - Album by Chicago,https://open.spotify.com/album/4DjSI3qiOKsUlZo4NsgYFq,5,"Listen to Chicago Transit Authority on Spotify · album · Chicago · 1969 · 12 songs. Authority Chicago 196912 songs, 1 hr 16 min. Chicago X Album • 1976",neutral,False
2026-08-21,Chicago Transit Authority,Chicago Transit Authority (@chicagocta),https://www.instagram.com/chicagocta/,6,82K followers · 1.6K+ posts · Official account of the Chicago Transit Authority Past & Present pics ℹ️ Info on news & updates.,positive,True
2026-08-21,Washington Metropolitan Area Transit Authority,WMATA: Home,https://www.wmata.com/,1,"Metro is the Washington, DC region's public transportation system, offering bus and rail service across DC, Maryland, and Virginia. Find real-time arrivals, ...",positive,True
2026-08-21,Washington Metropolitan Area Transit Authority,Washington Metropolitan Area Transit Authority (WMATA),https://washington.org/find-dc-listings/washington-metropolitan-area-transit-authority,2,"With a network of six rail lines, 98 stations, 125 bus routes, and a door-to-door paratransit service, Metro is the second busiest transit system in the United ...",neutral,False
2026-08-21,Washington Metropolitan Area Transit Authority,Washington Metropolitan Area Transit Authority (WMATA),https://www.linkedin.com/company/wmata,3,Washington Metropolitan Area Transit Authority (WMATA) Founded 1967 Specialties Provide safe and reliable public transportation Locations Primary 600 5th ...,positive,True
2026-08-21,Washington Metropolitan Area Transit Authority,Welcome to the Washington Metropolitan Area Transit ...,https://www.wmatc.gov/,4,"The Commission issues operating authority to van and bus operators and some sedan, SUVs and limousine operators. MD 20910-5624. (202) 737-4404",positive,False
2026-08-21,Washington Metropolitan Area Transit Authority,Metro Forward (@wmata) / Posts / X,https://x.com/wmata,5,"Metro Alerts have been restored and are now available via text, email, wmata.com, and Metro Pulse. check platform displays, and listen for PA announcements.",positive,True
2026-08-21,Boston T,MBTA - Massachusetts Bay Transportation Authority,https://www.mbta.com/,1,"Public transit in the Greater Boston region. Routes, schedules, trip planner, fares, service alerts, real-time updates, and general information.",positive,True
2026-08-21,Boston T,MBTA subway,https://en.wikipedia.org/wiki/MBTA_subway,2,"The Massachusetts Bay Transportation Authority (MBTA) operates rapid transit (heavy rail), light rail, and bus rapid transit services in the Boston ...",neutral,False
2026-08-21,Boston T,"Navigating Boston | Travel Advisories, MBTA, Parking",https://www.meetboston.com/plan/getting-around/,3,"Take the ""T"" Boston's public transportation system. It offers subway, bus, trolley, and ferry services to nearly every corner of Greater Boston ...",neutral,False
2026-08-21,Boston T,"Boston Subway - The ""T"" - Boston Public Transportation",https://www.boston-discovery-guide.com/boston-subway.html,4,"The T's five color-coded lines - Red, Green, Orange, Blue, and Silver - serve many (but not all) Boston neighborhoods plus parts of Cambridge, Somerville, ...",neutral,False
2026-08-21,Boston T,Boston 'T',https://www.mapway.com/apps/boston-t-subway-map/,5,Boston's subway system “The T” is the quickest way to get around the city and the Mapway app is the best guide to using it.,neutral,False
2026-08-21,Boston T,MBTA - Massachusetts Bay Transportation Authority,https://www.mbta.com/,1,"Public transit in the Greater Boston region. Routes, schedules, trip planner, fares, service alerts, real-time updates, and general information.",positive,True
2026-08-21,Boston T,MBTA subway,https://en.wikipedia.org/wiki/MBTA_subway,2,"The Massachusetts Bay Transportation Authority (MBTA) operates rapid transit (heavy rail), light rail, and bus rapid transit services in the Boston ...",neutral,False
2026-08-21,Boston T,"Navigating Boston | Travel Advisories, MBTA, Parking",https://www.meetboston.com/plan/getting-around/,3,"Take the ""T"" Boston's public transportation system. It offers subway, bus, trolley, and ferry services to nearly every corner of Greater Boston ...",neutral,False
2026-08-21,Boston T,"Boston Subway - The ""T"" - Boston Public Transportation",https://www.boston-discovery-guide.com/boston-subway.html,4,"The T's five color-coded lines - Red, Green, Orange, Blue, and Silver - serve many (but not all) Boston neighborhoods plus parts of Cambridge, Somerville, ...",neutral,False
2026-08-21,Boston T,Boston 'T',https://www.mapway.com/apps/boston-t-subway-map/,5,Boston's subway system “The T” is the quickest way to get around the city and the Mapway app is the best guide to using it.,neutral,False
2026-08-21,Boston T,MBTA - Massachusetts Bay Transportation Authority,https://www.mbta.com/,1,"Public transit in the Greater Boston region. Routes, schedules, trip planner, fares, service alerts, real-time updates, and general information.",positive,True
2026-08-21,Boston T,MBTA subway,https://en.wikipedia.org/wiki/MBTA_subway,2,"The Massachusetts Bay Transportation Authority (MBTA) operates rapid transit (heavy rail), light rail, and bus rapid transit services in the Boston ...",neutral,False
2026-08-21,Boston T,"Navigating Boston | Travel Advisories, MBTA, Parking",https://www.meetboston.com/plan/getting-around/,3,"Take the ""T"" Boston's public transportation system. It offers subway, bus, trolley, and ferry services to nearly every corner of Greater Boston ...",neutral,False
2026-08-21,Boston T,"Boston Subway - The ""T"" - Boston Public Transportation",https://www.boston-discovery-guide.com/boston-subway.html,4,"The T's five color-coded lines - Red, Green, Orange, Blue, and Silver - serve many (but not all) Boston neighborhoods plus parts of Cambridge, Somerville, ...",neutral,False
2026-08-21,Boston T,Boston 'T',https://www.mapway.com/apps/boston-t-subway-map/,5,Boston's subway system “The T” is the quickest way to get around the city and the Mapway app is the best guide to using it.,neutral,False
2026-08-21,DC Metro,WMATA: Home,https://www.wmata.com/,1,"Metro is the Washington, DC region's public transportation system, offering bus and rail service across DC, Maryland, and Virginia. Find real-time arrivals, ...",positive,True
2026-08-21,DC Metro,Washington Metro,https://en.wikipedia.org/wiki/Washington_Metro,2,"The Washington Metro, often abbreviated as the Metro and formally the … includes six lines, 98 stations, and 130 miles (210 km) of route.",neutral,False
2026-08-21,DC Metro,"Navigating Washington, DC's Metro System",https://washington.org/navigating-dc-metro,3,DC's Metro is one of the busiest public transportation systems in the country. Fares during the day range from $2.25 to $6.75.,neutral,False
2026-08-21,DC Metro,DC Metro Map,https://dcmetromap.com/,4,"The interactive DC Metro Map for the Washington Metro system, track every train in real time, plan a trip between any two stations, and explore the six color- ...",positive,True
2026-08-21,The L,How-To Guide: Riding the 'L' (Trains),https://www.transitchicago.com/howto/riding-the-train/,1,"CTA's train system is known as the 'L' (a now-official name originally short for ""elevated""). Trains serve over 140 stations located throughout the city and ...",positive,True
2026-08-21,The L,"Chicago ""L""",https://en.wikipedia.org/wiki/Chicago_%22L%22,2,"The Chicago ""L"" (short for ""elevated"") [4] is the rapid transit system serving the city of Chicago and some of its surrounding suburbs in the U.S. state of ...",neutral,False
2026-08-21,The L,The Chicago “L” is an American Treasure. : r/transit,https://www.reddit.com/r/transit/comments/1bt9yng/the_chicago_l_is_an_american_treasure/,3,"Moreover, the 'L' is basically a hybrid commuter-rail/rapid-transit system. Its not a London Underground or an MTA for your daily activities ...",positive,False
2026-08-21,The L,The Chicago L,https://www.architecture.org/online-resources/buildings-of-chicago/the-chicago-l,4,The Chicago L began operating in 1892. This network of elevated trains and subways is how Chicagoans get around. But it's also an iconic symbol of the city.,positive,False
2026-08-21,The L,"THE L STATION (@thelstation.chi) · Chicago, IL",https://www.instagram.com/thelstation.chi/?hl\u003den,5,Chicago Luxury Dining ✨Kitchen. Amazing soulfood and Black owned. L Station for $7 lamb chop + $7 lemon drops.,positive,True
2026-08-21,The L,Experience Chicago on the L Train: A City Ride Guide,https://www.choosechicago.com/articles/tours-and-attractions/sightsee-on-the-chicago-l-train/,6,"Experience Chicago on the L train with skyline views, neighborhood rides, and iconic stops—this guide shows how to sightsee the city from the tracks.",positive,False
2026-08-21,The L,L Train (14 Street-Canarsie Local) Line Map,https://www.mta.info/maps/subway-line-maps/l-line,7,Local service: A train which always operates and stops at every station on the line. Express service: A train that does not always operate or sometimes skips ...,positive,True
2026-08-21,MTA,MTA: Home - NYC,https://www.mta.info/,1,Quick links · Get real-time alerts · Book or manage a Paratransit trip · Check elevator and escalator status · Contact Lost and Found · Sign up for our ...,positive,True
2026-08-21,MTA,Massachusetts Teachers Association | Massachusetts ...,https://www.massteacher.org/,2,"Founded in 1845, MTA provides high-quality professional development and union education for members and leaders.",neutral,False
2026-08-21,MTA,Maryland Transit Administration,https://www.mta.maryland.gov/,3,"Train Light RailLink Metro. Departments Routes & Schedules. Camden, Brunswick and Penn Lines. The Maryland Department of Transportation Maryland",positive,True
2026-08-21,MTA,Metropolitan Transportation Authority,https://en.wikipedia.org/wiki/Metropolitan_Transportation_Authority,4,"The MTA is the largest public transit authority in North America, serving 12 counties in Downstate New York, along with two counties in southwestern Connecticut",neutral,False
2026-08-21,MTA,MTA (@MTA) / Posts / X,https://x.com/MTA,5,"Download our apps for real-time customer care: Plan for possible travel delays and disruptions. Heavy rain is expected this evening, but preparing for flooding ...",positive,True
2026-08-21,MTA,MTA Flint,https://www.mtaflint.org/,6,2 Combined Routes scheduled to service Flint. Everything you need to know on how to ride the MTA and Travel Training. 14 fixed routes throughout the City of ...,positive,True
2026-08-21,MTA,"Alaska Internet Provider | Residential, Business · MTA Alaska",https://www.mtasolutions.com/,7,"MTA is an internet provider established as a co-op with a 100% Alaska-based customer support team for Residential, Business, Enterprise, and Wholesale ...",positive,True
2026-08-21,NYC Subway,MTA: Home,https://www.mta.info/,1,"Plan a Trip Schedules Nearby Stations & Stops Service Status Favorites Subway Bus Rail Your favorite subway, bus and rail services will appear here.",positive,True
2026-08-21,NYC Subway,New York City Subway,https://en.wikipedia.org/wiki/New_York_City_Subway,2,"The New York City Subway is a rapid transit system in New York City, serving four of the city's five boroughs: Manhattan, Brooklyn, Queens, and the Bronx.",neutral,False
2026-08-21,NYC Subway,Maps,https://www.mta.info/maps,3,"Downloadable maps for New York transit, including subways, buses, and the Staten Island Railway, plus the Long Island Rail Road, Metro-North Railroad, ...",positive,True
2026-08-21,NYC Subway,New York Subway MTA Map NYC - App Store - Apple,https://apps.apple.com/us/app/new-york-subway-mta-map-nyc/id369691844,4,"Navigate NYC with MTA maps, live alerts, offline routes, and train countdowns. Plan your subway trip smarter!",positive,True
2026-08-21,NYC Subway,nycsubway.org,https://nycsubway.org/,5,Early Rapid Transit in New York The First Subway. The New York Subway: Its Construction and Equipment (1904) Location: Queensborough Plaza Car: R,positive,True
2026-08-21,NYC Subway,SubwayStats: Status and delays of the NYC subway,https://subwaystats.com/,6,SubwayStats is the source for real-time train status and delays of the NYC subway system. Statistics and charts for each train are also available.,neutral,False
2026-08-21,NYC Subway,How to Use the NYC Subway - CityRover Walks NY,https://cityroverwalks.com/how-to-use-nyc-subway-guide/,7,"This is the only subway guide you'll need to plan your trip to NYC. Learn how to navigate the subway, how to use the OMNY payment system, buy a Metrocard, ...",neutral,False
2026-08-21,NYC Subway,New York City Subway,https://www.mta.info/map/5256,8,"This subway diagram may not be reproduced without written permission from the Metropolitan Transportation Authority, and is not ... New York City Subway.",positive,True
2026-08-21,NYC Subway,New York City Subway - All You SHOULD Know Before ...,https://www.tripadvisor.com/Attraction_Review-g60763-d8130064-Reviews-New_York_City_Subway-New_York_City_New_York.html,9,NYC has an excellent subway system. It's the best way to get around midtown. There are lots of stations with lines that get you to anywhere that you want to go.,neutral,False
2026-08-21,MBTA,MBTA - Massachusetts Bay Transportation Authority,https://www.mbta.com/,1,"Public transit in the Greater Boston region. Routes, schedules, trip planner, fares, service alerts, real-time updates, and general information.",positive,True
2026-08-21,MBTA,Massachusetts Bay Transportation Authority,https://en.wikipedia.org/wiki/Massachusetts_Bay_Transportation_Authority,2,"The Massachusetts Bay Transportation Authority is the state agency responsible for operating most public transportation services in Greater Boston, ...",neutral,False
2026-08-21,MBTA,Massachusetts Bay Transportation Authority (MBTA),https://www.mass.gov/orgs/massachusetts-bay-transportation-authority,3,"MBTA provides subway, bus, Commuter Rail, ferry, and paratransit service to eastern Massachusetts and parts of Rhode Island.",neutral,False
2026-08-21,MBTA,MBTA Go — Official - Apps on Google Play,https://play.google.com/store/apps/details?id=com.mbta.tid.mbta_app&hl=en_US,4,App features: • Check live arrival times: Get the latest estimates of when your bus or train will get to you. • Track your vehicle: Check how many stops away ...,positive,True
2026-08-21,MBTA,Massachusetts Bay Transportation Authority - MBTA,https://www.facebook.com/TheMBTA/,5,"(617) 222-3200. The Massachusetts Bay Transportation Authority was signed into law on August 3, 1964. Replacing the Metropolitan Transit Authority, the T was ...",positive,True
2026-08-21,MBTA,MBTA - Massachusetts Bay Transportation Authority,https://www.mbta.com/,1,"Public transit in the Greater Boston region. Routes, schedules, trip planner, fares, service alerts, real-time updates, and general information.",positive,True
2026-08-21,MBTA,Massachusetts Bay Transportation Authority,https://en.wikipedia.org/wiki/Massachusetts_Bay_Transportation_Authority,2,"The Massachusetts Bay Transportation Authority is the state agency responsible for operating most public transportation services in Greater Boston, ...",neutral,False
2026-08-21,MBTA,Massachusetts Bay Transportation Authority (MBTA),https://www.mass.gov/orgs/massachusetts-bay-transportation-authority,3,"MBTA provides subway, bus, Commuter Rail, ferry, and paratransit service to eastern Massachusetts and parts of Rhode Island.",neutral,False
2026-08-21,MBTA,MBTA Go — Official - Apps on Google Play,https://play.google.com/store/apps/details?id=com.mbta.tid.mbta_app&hl=en_US,4,App features: • Check live arrival times: Get the latest estimates of when your bus or train will get to you. • Track your vehicle: Check how many stops away ...,positive,True
2026-08-21,MBTA,Massachusetts Bay Transportation Authority - MBTA,https://www.facebook.com/TheMBTA/,5,"(617) 222-3200. The Massachusetts Bay Transportation Authority was signed into law on August 3, 1964. Replacing the Metropolitan Transit Authority, the T was ...",positive,True
2026-08-21,MBTA,MBTA - Massachusetts Bay Transportation Authority,https://www.mbta.com/,1,"Public transit in the Greater Boston region. Routes, schedules, trip planner, fares, service alerts, real-time updates, and general information.",positive,True
2026-08-21,MBTA,Massachusetts Bay Transportation Authority,https://en.wikipedia.org/wiki/Massachusetts_Bay_Transportation_Authority,2,"The Massachusetts Bay Transportation Authority is the state agency responsible for operating most public transportation services in Greater Boston, ...",neutral,False
2026-08-21,MBTA,Massachusetts Bay Transportation Authority (MBTA),https://www.mass.gov/orgs/massachusetts-bay-transportation-authority,3,"MBTA provides subway, bus, Commuter Rail, ferry, and paratransit service to eastern Massachusetts and parts of Rhode Island.",neutral,False
2026-08-21,MBTA,MBTA Go — Official - Apps on Google Play,https://play.google.com/store/apps/details?id=com.mbta.tid.mbta_app&hl=en_US,4,App features: • Check live arrival times: Get the latest estimates of when your bus or train will get to you. • Track your vehicle: Check how many stops away ...,positive,True
2026-08-21,MBTA,Massachusetts Bay Transportation Authority - MBTA,https://www.facebook.com/TheMBTA/,5,"(617) 222-3200. The Massachusetts Bay Transportation Authority was signed into law on August 3, 1964. Replacing the Metropolitan Transit Authority, the T was ...",positive,True
2026-08-21,Massachusetts Bay Transportation Authority,MBTA - Massachusetts Bay Transportation Authority,https://www.mbta.com/,1,"Public transit in the Greater Boston region. Routes, schedules, trip planner, fares, service alerts, real-time updates, and general information.",positive,True
2026-08-21,Massachusetts Bay Transportation Authority,Massachusetts Bay Transportation Authority,https://en.wikipedia.org/wiki/Massachusetts_Bay_Transportation_Authority,2,"The Massachusetts Bay Transportation Authority … is the state agency responsible for operating most public transportation services in Greater Boston, ...",neutral,False
2026-08-21,Massachusetts Bay Transportation Authority,Massachusetts Bay Transportation Authority (MBTA),https://www.mass.gov/orgs/massachusetts-bay-transportation-authority,3,"MBTA provides subway, bus, Commuter Rail, ferry, and paratransit service to eastern Massachusetts and parts of Rhode Island.",neutral,False
2026-08-21,Massachusetts Bay Transportation Authority,Massachusetts Bay Transportation Authority - MBTA,https://www.facebook.com/TheMBTA/,4,"(617) 222-3200 󰘢. The Massachusetts Bay Transportation Authority was signed into law on August 3, 1964.",positive,True
2026-08-21,Massachusetts Bay Transportation Authority,MBTA,https://www.linkedin.com/company/mbta,5,"The Massachusetts Bay Transportation Authority, is the public operator of most bus, subway, commuter rail and ferry systems in the greater Boston, ...",positive,True
2026-08-21,Massachusetts Bay Transportation Authority,MASSACHUSETTS BAY TRANSPORTATION AUTHORITY,https://www.yelp.com/biz/massachusetts-bay-transportation-authority-boston,6,"reliable, comes fast, takes you everywhere in the city, great connections. a solid transportation system that takes you everywhere. The MBTA hasn't changed ...",neutral,False
2026-08-21,Massachusetts Bay Transportation Authority,MBTA - Massachusetts Bay Transportation Authority,https://www.mbta.com/,1,"Public transit in the Greater Boston region. Routes, schedules, trip planner, fares, service alerts, real-time updates, and general information.",positive,True
2026-08-21,Massachusetts Bay Transportation Authority,Massachusetts Bay Transportation Authority,https://en.wikipedia.org/wiki/Massachusetts_Bay_Transportation_Authority,2,"The Massachusetts Bay Transportation Authority … is the state agency responsible for operating most public transportation services in Greater Boston, ...",neutral,False
2026-08-21,Massachusetts Bay Transportation Authority,Massachusetts Bay Transportation Authority (MBTA),https://www.mass.gov/orgs/massachusetts-bay-transportation-authority,3,"MBTA provides subway, bus, Commuter Rail, ferry, and paratransit service to eastern Massachusetts and parts of Rhode Island.",neutral,False
2026-08-21,Massachusetts Bay Transportation Authority,Massachusetts Bay Transportation Authority - MBTA,https://www.facebook.com/TheMBTA/,4,"(617) 222-3200 󰘢. The Massachusetts Bay Transportation Authority was signed into law on August 3, 1964.",positive,True
2026-08-21,Massachusetts Bay Transportation Authority,MBTA,https://www.linkedin.com/company/mbta,5,"The Massachusetts Bay Transportation Authority, is the public operator of most bus, subway, commuter rail and ferry systems in the greater Boston, ...",positive,True
2026-08-21,Massachusetts Bay Transportation Authority,MASSACHUSETTS BAY TRANSPORTATION AUTHORITY,https://www.yelp.com/biz/massachusetts-bay-transportation-authority-boston,6,"reliable, comes fast, takes you everywhere in the city, great connections. a solid transportation system that takes you everywhere. The MBTA hasn't changed ...",neutral,False
2026-08-21,Massachusetts Bay Transportation Authority,MBTA - Massachusetts Bay Transportation Authority,https://www.mbta.com/,1,"Public transit in the Greater Boston region. Routes, schedules, trip planner, fares, service alerts, real-time updates, and general information.",positive,True
2026-08-21,Massachusetts Bay Transportation Authority,Massachusetts Bay Transportation Authority,https://en.wikipedia.org/wiki/Massachusetts_Bay_Transportation_Authority,2,"The Massachusetts Bay Transportation Authority … is the state agency responsible for operating most public transportation services in Greater Boston, ...",neutral,False
2026-08-21,Massachusetts Bay Transportation Authority,Massachusetts Bay Transportation Authority (MBTA),https://www.mass.gov/orgs/massachusetts-bay-transportation-authority,3,"MBTA provides subway, bus, Commuter Rail, ferry, and paratransit service to eastern Massachusetts and parts of Rhode Island.",neutral,False
2026-08-21,Massachusetts Bay Transportation Authority,Massachusetts Bay Transportation Authority - MBTA,https://www.facebook.com/TheMBTA/,4,"(617) 222-3200 󰘢. The Massachusetts Bay Transportation Authority was signed into law on August 3, 1964.",positive,True
2026-08-21,Massachusetts Bay Transportation Authority,MBTA,https://www.linkedin.com/company/mbta,5,"The Massachusetts Bay Transportation Authority, is the public operator of most bus, subway, commuter rail and ferry systems in the greater Boston, ...",positive,True
2026-08-21,Massachusetts Bay Transportation Authority,MASSACHUSETTS BAY TRANSPORTATION AUTHORITY,https://www.yelp.com/biz/massachusetts-bay-transportation-authority-boston,6,"reliable, comes fast, takes you everywhere in the city, great connections. a solid transportation system that takes you everywhere. The MBTA hasn't changed ...",neutral,False
2026-08-21,The T,MBTA - Massachusetts Bay Transportation Authority,https://www.mbta.com/,1,"Public transit in the Greater Boston region. Routes, schedules, trip planner, fares, service alerts, real-time updates, and general information.",positive,True
2026-08-21,The T,Massachusetts Bay Transportation Authority,https://en.wikipedia.org/wiki/Massachusetts_Bay_Transportation_Authority,2,"The Massachusetts Bay Transportation Authority (abbreviated MBTA and known colloquially as ""the T"") is the state agency responsible for operating most public ...",neutral,False
2026-08-21,The T,The T (TV Mini Series 2018,https://www.imdb.com/title/tt8530588/,3,"The T Jo, a white trans woman craving an increasingly elusive intimacy, Carter, a queer Black man at odds with his conservative upbringing, and Emerie, a ...",neutral,False
2026-08-21,The T,T: An MBTA Musical,https://www.bostontheatrescene.com/shows-and-events/t-an-mbta-musical/,4,An MBTA Musical is Boston's best musical parody of the USA's oldest subway system. “T” is the journey of three struggling Bostonians whose lives have been ...,neutral,False
2026-08-21,The T,What does the “T” stand for on the subway? : r/boston,https://www.reddit.com/r/boston/comments/1plapkg/what_does_the_t_stand_for_on_the_subway/,5,The letter T inside the circle is an established international symbol for transit or transportation. You will find it in a number of nations.,neutral,False
2026-08-21,The T,MBTA - Massachusetts Bay Transportation Authority,https://www.mbta.com/,1,"Public transit in the Greater Boston region. Routes, schedules, trip planner, fares, service alerts, real-time updates, and general information.",positive,True
2026-08-21,The T,Massachusetts Bay Transportation Authority,https://en.wikipedia.org/wiki/Massachusetts_Bay_Transportation_Authority,2,"The Massachusetts Bay Transportation Authority (abbreviated MBTA and known colloquially as ""the T"") is the state agency responsible for operating most public ...",neutral,False
2026-08-21,The T,The T (TV Mini Series 2018,https://www.imdb.com/title/tt8530588/,3,"The T Jo, a white trans woman craving an increasingly elusive intimacy, Carter, a queer Black man at odds with his conservative upbringing, and Emerie, a ...",neutral,False
2026-08-21,The T,T: An MBTA Musical,https://www.bostontheatrescene.com/shows-and-events/t-an-mbta-musical/,4,An MBTA Musical is Boston's best musical parody of the USA's oldest subway system. “T” is the journey of three struggling Bostonians whose lives have been ...,neutral,False
2026-08-21,The T,What does the “T” stand for on the subway? : r/boston,https://www.reddit.com/r/boston/comments/1plapkg/what_does_the_t_stand_for_on_the_subway/,5,The letter T inside the circle is an established international symbol for transit or transportation. You will find it in a number of nations.,neutral,False
2026-08-21,The T,MBTA - Massachusetts Bay Transportation Authority,https://www.mbta.com/,1,"Public transit in the Greater Boston region. Routes, schedules, trip planner, fares, service alerts, real-time updates, and general information.",positive,True
2026-08-21,The T,Massachusetts Bay Transportation Authority,https://en.wikipedia.org/wiki/Massachusetts_Bay_Transportation_Authority,2,"The Massachusetts Bay Transportation Authority (abbreviated MBTA and known colloquially as ""the T"") is the state agency responsible for operating most public ...",neutral,False
2026-08-21,The T,The T (TV Mini Series 2018,https://www.imdb.com/title/tt8530588/,3,"The T Jo, a white trans woman craving an increasingly elusive intimacy, Carter, a queer Black man at odds with his conservative upbringing, and Emerie, a ...",neutral,False
2026-08-21,The T,T: An MBTA Musical,https://www.bostontheatrescene.com/shows-and-events/t-an-mbta-musical/,4,An MBTA Musical is Boston's best musical parody of the USA's oldest subway system. “T” is the journey of three struggling Bostonians whose lives have been ...,neutral,False
2026-08-21,The T,What does the “T” stand for on the subway? : r/boston,https://www.reddit.com/r/boston/comments/1plapkg/what_does_the_t_stand_for_on_the_subway/,5,The letter T inside the circle is an established international symbol for transit or transportation. You will find it in a number of nations.,neutral,False
2026-08-21,CTA,Chicago Transit Authority - CTA Buses & Train Service - 1-888 ...,https://www.transitchicago.com/,1,"Information about CTA bus and train service in and around Chicago. Find maps, schedules, service alerts, plan a trip, jobs, news and more!",positive,True
2026-08-21,CTA,California Teachers Association,https://www.cta.org/,2,"The 310000 members of CTA are passionate advocates for students and public education. Through our union, we make public education work for the public.",positive,True
2026-08-21,CTA,Select Route,https://www.ctabustracker.com/bustime/wireless/html/home.jsp,3,Welcome to CTA Bus Tracker … choose your route: 1 - Bronzeville/Union Station 2 - Hyde Park Express 3 - King Drive 4 - Cottage Grove X4 - Cottage Grove Express,positive,True
2026-08-21,CTA,Chicago Transit Authority,https://en.wikipedia.org/wiki/Chicago_Transit_Authority,4,"The Chicago Transit Authority (CTA) is a public transit agency in Chicago, Illinois, United States. It operates the Chicago ""L"" rail system and CTA bus services ...",neutral,False
2026-08-21,CTA,Chicago Transit Authority (@thecta),https://www.facebook.com/thecta/,5,"Welcome to the official CTA Facebook page. Serving Chicago & 35 surrounding suburbs. Rail Maintenance, Rail Station Management, Our agency's mission is to ...",positive,True
2026-08-21,CTA,Chicago Transit Authority (CTA) - Travel Information,https://www.chicago.gov/city/en/depts/other/provdrs/cta.html,6,The CTA operates the nation's second largest public transportation system and covers the City of Chicago and 40 surrounding suburbs.,neutral,False
2026-08-21,Metrorail,"METRORail | Red Line | Purple Line | Houston, Texas - METRO",https://www.ridemetro.org/riding-metro/transit-services/metrorail,1,"METRORail is Houston's light rail network, offering convenient access to many popular destinations in and around downtown Houston.",neutral,False
2026-08-21,Metrorail,WMATA: Home,https://www.wmata.com/,2,"Metro is the Washington, DC region's public transportation system, offering bus and rail service across DC, Maryland, and Virginia. Find real-time arrivals, ...",positive,True
2026-08-21,Metrorail,"Metrorail Service: Schedules, Fares, and Stations",https://www.miamidade.gov/global/transportation/metrorail.page,3,"The Metrorail system is a 25-mile dual track that provides service to Miami International Airport (MIA) and runs from Kendall through South Miami, Coral Gables ...",neutral,False
2026-08-21,Metrorail,CapMetro Rail – Capital Metro – Austin Public Transit,https://www.capmetro.org/rail,4,"A train for commuters traveling between Leander and downtown. Whether you're traveling to work or Q2 Stadium, get there quickly and comfortably.",neutral,False
2026-08-21,Metrorail,"Metro | Bus, Rail, Subway, Bike & Micro in Los Angeles",https://www.metro.net/,5,"Explore Los Angeles by public transit. Start with Metro schedules, maps, arrival times, parking info, trip planning, stations, and fares.",neutral,False
2026-08-21,Metrorail,"Navigating Washington, DC's Metro System",https://washington.org/navigating-dc-metro,6,"The Metrorail consists of six color-coded lines: Red, Blue, Orange, Yellow, Green and Silver. Fares during the day range from $2.25 to $6.75. fares range from ...",neutral,False
2026-08-21,Metrorail,Metrorail,https://www.miamiandbeaches.com/l/transportation/metrorail/3040,7,"Metrorail is Miami's quick and easy 25-mile elevated transportation system to get you to all parts of the urban core of Miami from 5:00am to midnight, seven ...",neutral,False
2026-08-21,Metrorail,Houston's Metro Rail System,https://www.visithoustontexas.com/travel-planning/getting-to-and-around-houston/metro-rail/,8,"With our METRORail system covering 23 miles of the city, you can save wear and tear on your car or avoid rental cars during your visit to Houston.",neutral,False
2026-08-21,Metrorail,Metrorail (Miami-Dade County),https://en.wikipedia.org/wiki/Metrorail_(Miami-Dade_County),9,"Metrorail serves central Miami and surrounding areas, including Miami International Airport, the Health District, Downtown Miami, and Brickell, as well as the ...",neutral,False
