date,ceo,company,title,url,position,snippet,sentiment,controlled
2026-08-05,Monica Tibbits-Nutt,Massachusetts Bay Transportation Authority,Monica Tibbits-Nutt,https://www.massport.com/our-business/leadership/monica-tibbits-nutt,1,"Monica G. Tibbits-Nutt, is the Secretary and CEO of the Massachusetts Department of Transportation (MassDOT).",positive,True
2026-08-05,Monica Tibbits-Nutt,Massachusetts Bay Transportation Authority,Transportation Sec. Monica Tibbits-Nutt Stepping Down ...,https://mass.streetsblog.org/2025/10/16/rearranging-the-cabinet-transportation-sec-monica-tibbits-nutt-stepping-down-replaced-by-mbta-gm-phillip-eng,2,Monica Tibbits-Nutt is leaving the Healey administration. Tibbits-Nutt will be stepping down from her position and return to the private sector ...,neutral,False
2026-08-05,Monica Tibbits-Nutt,Massachusetts Bay Transportation Authority,Governor Healey Appoints MBTA General Manager Phil ...,https://www.mass.gov/news/governor-healey-appoints-mbta-general-manager-phil-eng-as-interim-transportation-secretary,3,Monica Tibbits-Nutt has made the decision to step down from her positions as Secretary of the Department of Transportation and CEO of MassDOT ...,neutral,False
2026-08-05,Monica Tibbits-Nutt,Massachusetts Bay Transportation Authority,A Conversation with MassDOT Secretary Monica Tibbits ...,https://members.naiopma.org/event-calendar/Details/a-conversation-with-massdot-secretary-monica-tibbits-nutt-and-mbta-general-manager-phillip-eng-1055406?sourceTypeId=EmailInvitation,4,"MassDOT Secretary Monica Tibbits-Nutt. Phone 781-453-6900 Address & Map 144 Gould Street, Suite 140 Needham, MA 02494 Email communications@naiopma.org",neutral,False
2026-08-05,Monica Tibbits-Nutt,Massachusetts Bay Transportation Authority,"Monica Tibbits-Nutt, FAICP, LEED AP BD C",https://www.linkedin.com/in/monica-tibbits-nutt,5,Transportation executive and growth leader. Secretary and CEO of the Massachusetts Department of Transportation (MassDOT) Massachusetts Bay Transportation ...,positive,True
2026-08-05,Monica Tibbits-Nutt,Massachusetts Bay Transportation Authority,Monica Tibbits-Nutt Steps Down as MassDOT Secretary,https://aptapassengertransport.com/monica-tibbits-nutt-steps-down-as-massdot-secretary-phil-eng-named-interim/,6,Tibbits-Nutt will continue as an advisor through Dec. 31 to ensure an efficient transition. Governor Healey appointed Phil Eng as MBTA general ...,neutral,False
2026-08-05,Monica Tibbits-Nutt,Massachusetts Bay Transportation Authority,Leadership at The MBTA,https://mbta.getanchor.io/leadership.html,7,Monica Tibbits-Nutt is the Secretary and CEO of the Massachusetts Department of Transportation and Phillip Eng is the MBTA General Manager and CEO. 617-222-1212,neutral,False
2026-08-05,Monica Tibbits-Nutt,Massachusetts Bay Transportation Authority,MassDOT CEO Monica Tibbits-Nutt wants to connect the ...,https://www.reddit.com/r/massachusetts/comments/1jv4uz3/massdot_ceo_monica_tibbitsnutt_wants_to_connect/,8,"Gov. Maura Healey said that Transportation Secretary Monica Tibbits-Nutt used a ""very poor choice of words"" while addressing an advocacy group ...",neutral,False
2026-08-05,Monica Tibbits-Nutt,Massachusetts Bay Transportation Authority,MassFiscal Responds to Departure of Transportation ...,https://www.massfiscal.org/massfiscal-responds-departure-monica-tibbits-nutt,9,"Tibbits-Nutt, who was appointed by Governor Maura Healey in November 2023, oversaw the state's four transportation divisions and served on both ...",neutral,False
2026-08-05,Ryan Coholan,Boston T,Ryan Coholan - Chief Operating Officer at MBTA,https://www.linkedin.com/in/ryan-coholan-139014ab,1,Experienced Chief Operating Officer with a demonstrated history of working in the transportation/trucking/railroad industry.,positive,True
2026-08-05,Ryan Coholan,Boston T,MBTA COO Ryan Coholan talks South Coast Rail from ...,https://www.heraldnews.com/picture-gallery/news/2026/03/24/mbta-coo-ryan-coholan-talks-south-coast-rail-from-boston-to-fall-river/89294351007/,2,"Ryan Coholan operates a commuter rail train outside South Station, headed from South Station, Boston, to Fall River on March 10, 2026.",neutral,False
2026-08-05,Ryan Coholan,Boston T,Ryan Coholan - Chief Operating Officer at Massachusetts ...,https://www.zoominfo.com/p/Ryan-Coholan/11957181347,3,"Coholan is a Chief Operating Officer at Massachusetts Bay Transportation Authority. Address 10 Park Plz Ste 5170, Boston, Massachusetts, 02116,",neutral,False
2026-08-05,Ryan Coholan,Boston T,Conversation with MBTA's COO Ryan Coholan,https://transitunplugged.com/transit-unplugged-podcast/ryan-coholan-mbta/,4,"With nearly 30 years of transit experience, Ryan talks about running one of America's largest transit systems and shares stories of MBTA's ...",neutral,False
2026-08-05,Ryan Coholan,Boston T,The MBTA Advisory Board,https://mbtaadvisoryboard.org/wp-content/uploads/2024/04/MinutesMBTAAB-12-05-23APPROVED.pdf,5,"Ryan Coholan, the Chief Operating Officer (COO) of the MBTA to address the Board. holan is responsible for the operation of all MBTA modes. Eng in September ...",neutral,False
2026-08-05,Ryan Coholan,Boston T,Cultivating Culture at the MBTA with COO Ryan Coholan,https://soundcloud.com/spilling-the-t-podcast/cultivating-culture-at-the-mbta-with-coo-ryan-coholan,6,"On this episode, Chief Operating Officer Ryan Coholan joins us to discuss his unique approach to leading Operations at the MBTA.",neutral,False
2026-08-05,Ryan Coholan,Boston T,"Today, COO Ryan Coholan joined State Senator ...",https://www.instagram.com/p/DPWzqsCEoZw/?hl=en,7,"Today, COO Ryan Coholan joined State Senator ... Boston. I'd like to say ""do better"", but I don't hold out any hope for any improvement.",positive,True
2026-08-05,Ryan Coholan,Boston T,MBTA Chief Operating Officer Ryan Coholan said weekend ...,https://www.facebook.com/TheTelegram/posts/mbta-chief-operating-officer-ryan-coholan-said-weekend-ridership-is-nearly-back-/1478045264329620/,8,MBTA Chief Operating Officer Ryan Coholan said weekend ridership is nearly back to 2019 (pre-pandemic) levels.,positive,True
2026-08-05,Nora Leerhsen,CTA,Nora Leerhsen,https://en.wikipedia.org/wiki/Nora_Leerhsen,1,"Nora Leerhsen is an American lawyer and executive who has served as the Acting President of the Chicago Transit Authority (CTA) since February 2025, replacing ...",neutral,False
2026-08-05,Nora Leerhsen,CTA,CTA Governance/Administration,https://www.transitchicago.com/governance/,2,Nora Leerhsen is the acting president of the Chicago Transit Authority. Nora joined the CTA in 2014 and is an 11-year public transit veteran. She is the first ...,positive,True
2026-08-05,Nora Leerhsen,CTA,"Nora Leerhsen - Acting President, Chicago Transit Authority",https://www.linkedin.com/in/nora-leerhsen-1ba38847,3,"Acting President, Chicago Transit Authority · Experience: Chicago Transit Authority · Education: University of Wisconsin Law School · Location: Greater ...",positive,True
2026-08-05,Nora Leerhsen,CTA,Team | Chicago Transit Authority,https://www.ctabonds.com/chicago-transit-authority-il/about/our-team/i6552,4,"Nora Leerhsen is acting president of the Chicago Transit Authority (CTA), She is the first woman to lead the CTA in the agency's history. Leerhsen joined the ...",positive,True
2026-08-05,Nora Leerhsen,CTA,Opinion: Make Nora Leerhsen the permanent CTA president,https://www.chicagotribune.com/2026/05/21/opinion-nora-leerhsen-cta-president/,5,"Under Nora Leerhsen's leadership the CTA has shown improvements in service reliability, ridership recovery, public engagement and rider ...",neutral,False
2026-08-05,Nora Leerhsen,CTA,How do we think interim CTA president Nora Leerhsen ...,https://www.reddit.com/r/chicago/comments/1ldou75/how_do_we_think_interim_cta_president_nora/,6,"While I know she worked under Dorval Carter, I think she has been a breath of fresh air. She is way more visible and actually seems to want to understand ...",neutral,False
2026-08-05,Nora Leerhsen,CTA,Chicago Transit Authority welcomes new acting president,https://govmarketnews.com/chicago-transit-authority-welcomes-new-acting-president/,7,"Leerhsen is the first woman to lead the authority in its 77-year history. She has been with the CTA since 2014, most recently as chief of staff.",positive,False
2026-08-05,Nora Leerhsen,CTA,"Union criticizes CTA for ""leadership vacuum"" due to lack of ...",https://chi.streetsblog.org/2026/06/10/union-criticizes-cta-for-leadership-vacuum-due-to-lack-of-a-permanent-president-acting-president-leerhsen-touts-public-safety-progress,8,Union criticizes CTA for “leadership vacuum” due to lack of a permanent president. Acting President Leerhsen touts public safety progress.,negative,False
2026-08-05,Nora Leerhsen,The L,Nora Leerhsen,https://en.wikipedia.org/wiki/Nora_Leerhsen,1,"Nora Leerhsen is an American lawyer and executive who has served as the Acting President of the Chicago Transit Authority (CTA) since February 2025,",neutral,False
2026-08-05,Nora Leerhsen,The L,"Nora Leerhsen - Acting President, Chicago Transit Authority",https://www.linkedin.com/in/nora-leerhsen-1ba38847,2,"Acting President, Chicago Transit Authority · Experience: Chicago Transit Authority · Education: University of Wisconsin Law School · Location: Greater ...",positive,True
2026-08-05,Nora Leerhsen,The L,Team | Chicago Transit Authority,https://www.ctabonds.com/chicago-transit-authority-il/about/our-team/i6552,3,"Nora Leerhsen is acting president of the Chicago Transit Authority (CTA), She is the first woman to lead the CTA in the agency's history.",positive,True
2026-08-05,Nora Leerhsen,The L,CTA Governance/Administration,https://www.transitchicago.com/governance/,4,Nora Leerhsen is the acting president of the Chicago Transit Authority. Nora joined the CTA in 2014 and is an 11-year public transit veteran. She is the first ...,positive,True
2026-08-05,Nora Leerhsen,The L,"Meet CTA's Acting President, Nora Leerhsen ...",https://www.facebook.com/thecta/posts/meet-ctas-acting-president-nora-leerhsen-acting-president-leerhsen-a-10-year-tra/1017363227092362/,5,"Meet CTA’s Acting President, Nora Leerhsen! Acting President Leerhsen, a 10-year transit veteran, is the first woman to lead the organization. ...",positive,True
2026-08-05,Nora Leerhsen,The L,Opinion: Make Nora Leerhsen the permanent CTA president,https://www.chicagotribune.com/2026/05/21/opinion-nora-leerhsen-cta-president/,6,"Under Nora Leerhsen's leadership the CTA has shown improvements in service reliability, ridership recovery, public engagement and rider ...",neutral,False
2026-08-05,Nora Leerhsen,The L,What would you say to the CTA President Nora Leerhsen?,https://www.reddit.com/r/cta/comments/1thoza8/what_would_you_say_to_the_cta_president_nora/,7,I work near the CTA headquarters and often run into CTA President Nora Leerhsen on the sidewalk or getting off the train. I usually say hello and yesterday ...,neutral,False
2026-08-05,Nora Leerhsen,The L,"Union criticizes CTA for ""leadership vacuum"" due to lack of ...",https://chi.streetsblog.org/2026/06/10/union-criticizes-cta-for-leadership-vacuum-due-to-lack-of-a-permanent-president-acting-president-leerhsen-touts-public-safety-progress,8,"Leerhsen took the placeholder position in February 2025, so she has been on the job for almost 1.5 years. During the June 10 meeting of the CTA ...",negative,False
2026-08-05,Nora Leerhsen,The L,Longtime CTA chief of staff Nora Leerhsen to take over as ...,https://www.cbsnews.com/chicago/news/nora-leerhsen-acting-cta-president/,9,Chief of staff Nora Leerhsen will take over as acting president of the transit agency when current President Dorval Carter Jr. retires at the end of the month.,neutral,False
2026-08-05,Monica Tibbits-Nutt,MBTA,Monica Tibbits-Nutt,https://www.massport.com/our-business/leadership/monica-tibbits-nutt,1,"As Secretary, Tibbits-Nutt is responsible for the four divisions of MassDOT: Highway, Rail and Transit, Registry of Motor Vehicles and Aeronautics. As Secretary ...",positive,True
2026-08-05,Monica Tibbits-Nutt,MBTA,Transportation Sec. Monica Tibbits-Nutt Stepping Down ...,https://mass.streetsblog.org/2025/10/16/rearranging-the-cabinet-transportation-sec-monica-tibbits-nutt-stepping-down-replaced-by-mbta-gm-phillip-eng,2,Secretary of Transportation Monica Tibbits-Nutt is leaving the Healey administration. Governor Maura Healey announced this morning in a ...,neutral,False
2026-08-05,Monica Tibbits-Nutt,MBTA,"Monica Tibbits-Nutt, FAICP, LEED AP BD C",https://www.linkedin.com/in/monica-tibbits-nutt,3,Transportation Executive | Growth & Sales Leader | Strategic Client Advisor. Secretary and CEO of the Massachusetts Department of Transportation. Bay ...,positive,True
2026-08-05,Monica Tibbits-Nutt,MBTA,Monica Tibbits-Nutt Steps Down as MassDOT Secretary,https://aptapassengertransport.com/monica-tibbits-nutt-steps-down-as-massdot-secretary-phil-eng-named-interim/,4,Monica Tibbits-Nutt has stepped down from her positions as Secretary of Transportation and CEO of the Massachusetts Department of ...,neutral,False
2026-08-05,Monica Tibbits-Nutt,MBTA,MassFiscal Responds to Departure of Transportation ...,https://www.massfiscal.org/massfiscal-responds-departure-monica-tibbits-nutt,5,"Tibbits-Nutt, who was appointed by Governor Maura Healey in November 2023, oversaw the state's four transportation divisions and served on both ...",neutral,False
2026-08-05,Monica Tibbits-Nutt,MBTA,A Conversation with MassDOT Secretary Monica Tibbits ...,https://members.naiopma.org/event-calendar/Details/a-conversation-with-massdot-secretary-monica-tibbits-nutt-and-mbta-general-manager-phillip-eng-1055406?sourceTypeId=EmailInvitation,6,"MassDOT Secretary Monica Tibbits-Nutt. Phone 781-453-6900 Address & Map 144 Gould Street, Suite 140 Needham, MA 02494 Email communications@naiopma.org",neutral,False
2026-08-05,Monica Tibbits-Nutt,MBTA,Governor Healey Appoints MBTA General Manager Phil ...,https://www.mass.gov/news/governor-healey-appoints-mbta-general-manager-phil-eng-as-interim-transportation-secretary,7,Monica Tibbits-Nutt has made the decision to step down from her positions as Secretary of the Department of Transportation and CEO of MassDOT ...,neutral,False
2026-08-05,Monica Tibbits-Nutt,MBTA,MassDOT CEO Monica Tibbits-Nutt wants to connect the ...,https://www.reddit.com/r/massachusetts/comments/1jv4uz3/massdot_ceo_monica_tibbitsnutt_wants_to_connect/,8,"Gov. Maura Healey said that Transportation Secretary Monica Tibbits-Nutt used a ""very poor choice of words"" while addressing an advocacy group ...",neutral,False
2026-08-05,Monica Tibbits-Nutt,MBTA,Tibbits-Nutt is out as transportation secretary. T chief Eng ...,https://www.wbur.org/news/2025/10/16/tibbits-nutt-transportation-secretary-massachusetts-eng,9,"In a press release, Healey said Tibbits-Nutt ""has made the decision to step down"" from her roles as secretary of the Department of ...",neutral,False
2026-08-05,Randy Clarke,Metrorail,RANDY Definition & Meaning,https://www.merriam-webster.com/dictionary/randy,1,"randy 1 of 2 adjective ˈran 1 chiefly Scotland : having a coarse manner 2 : lustful, lecherous randiness … a scolding or dissolute woman. ...",neutral,False
2026-08-05,Randy Clarke,Metrorail,Randy,https://en.wikipedia.org/wiki/Randy,2,"Randy is a primarily masculine given name. It is popular in the United States and Canada. It was originally derived from the names Randall, Randolph, and ...",neutral,False
2026-08-05,Randy Clarke,Metrorail,Randy,https://open.spotify.com/artist/1Qote9MpqMZluWzYGifZUg,3,Listen to Randy on Spotify. Artist · 2.9M monthly listeners. Popular releases The Rest Is Silence1996 • Album The Human Atom Bombs2001. Singles and EPs,neutral,False
2026-08-05,Randy Clarke,Metrorail,Randy (@randy) • Instagram photos and videos,https://www.instagram.com/randy/?hl=en,4,Co-Founder: Kansas City. Power & Light District. Store #6 in the books. new album “PRETAPED” out now everywhere! The most brilliant freestyle performer I've ...,positive,True
2026-08-05,Randy Clarke,Metrorail,Justice - Randy (Official Audio),https://www.youtube.com/watch?v=hw3d9KTYHIE,5,Justice - Randy (Official Audio) never happy with anything since 1990. Justice - Randy (WWW) [Official Audio] Justice•534K views 22:30,positive,False
2026-08-05,Randy Clarke,Metrorail,Randy : Meaning and Origin of First Name,https://www.ancestry.com/first-name-meaning/randy,6,"Randy means ""brave counselor"" or ""shield."" It is derived from a diminutive form of the name ""Randolph,"" shield,"" and ""wulf,"" meaning ""wolf.""",neutral,False
2026-08-05,Randy Clarke,Metrorail,“Randy”,https://notoneoffbritishisms.com/2012/03/04/randy/,7,"The Newark Star Ledger hasn't quite got it. “Randy” is a seaside postcard, tabloid kind of word, far removed from shimmering seduction (whatever ...",neutral,False
2026-08-05,Randy Clarke,Metrorail,"Does the word ""randy"" come from 1930's burlesque dancer ...",https://www.reddit.com/r/etymology/comments/3agq1f/does_the_word_randy_come_from_1930s_burlesque/,8,"The slang word randy means, as a an adjective, ""sexually aroused; full of sexual lust"". As a noun, it can also mean ""a boisterous, coarse, loose woman"".",neutral,False
2026-08-05,Randy Clarke,DC Metro,Randy Clarke,https://en.wikipedia.org/wiki/Randy_Clarke,1,Randy Clarke (born 1977) is a Canadian-American transit executive who has served as the general manager and CEO of Washington Metropolitan Area Transit ...,neutral,False
2026-08-05,Randy Clarke,DC Metro,Leadership,https://www.wmata.com/about/leadership.html,2,Randy Clarke joined WMATA as General Manager and CEO in July 2022. He's not just Metro's GM/CEO; he's also a customer who uses the service every day. ...,positive,True
2026-08-05,Randy Clarke,DC Metro,Randy Clarke (@wmataGM) / Posts / X,https://x.com/wmataGM?lang=en,3,4 years today I had the privilege of become Metro GM. It's been an incredible opportunity & I'm honored to have the role and be part of the best team in transit ...,positive,True
2026-08-05,Randy Clarke,DC Metro,Randy Clarke (@wmatagm),https://www.instagram.com/wmatagm/?hl=en,4,“Chief transit customer advocate @metroforward” Randy Clarke. Thanks for riding America's Metro System. Best team in transit does it again!,positive,True
2026-08-05,Randy Clarke,DC Metro,Randy Clarke - WMATA General Manager and CEO,https://www.linkedin.com/in/randy-clarke-74bb8a69,5,WMATA General Manager and CEO · Experience: Washington Metropolitan Area Transit Authority (WMATA) · Education: University of Southern Maine · Location: ...,positive,True
2026-08-05,Randy Clarke,DC Metro,"Washington Metro's Fast-Moving, Hard-Charging Transit ...",https://www.governing.com/transportation/washington-metros-fast-moving-hard-charging-transit-chief,6,"Randy Clarke, 46, joined the Washington Metropolitan Area Transit Authority as general manager last summer, after four years leading the ...",neutral,False
2026-08-05,Randy Clarke,DC Metro,A Conversation with WMATA General Manager and CEO ...,https://web.mcccmd.com/events/eventdetail.aspx?eventid=779,7,"Mr. Clarke joined WMATA in July 2022 after serving more than four years as President and CEO of Capital Metro in Austin, Texas. Prior to his work in Austin ...",neutral,False
2026-08-05,Randy Clarke,DC Metro,How to Save DC's Metro - by Santi Ruiz,https://www.statecraft.pub/p/how-to-save-dcs-metro,8,"Today we talked to Randy Clarke, the head of DC's Metro system, WMATA. If you're a transit nerd, you probably know about Clarke — he's ...",positive,False
2026-08-05,Phillip Eng,MBTA,Phillip Eng,https://en.wikipedia.org/wiki/Phillip_Eng,1,President of the Long Island Rail Road · General manager of the MBTA · Interim Secretary of the Massachusetts Department of Transportation ...,neutral,False
2026-08-05,Phillip Eng,MBTA,Phillip Eng | People,https://www.mbta.com/people/phillip-eng,2,Phillip Eng is the General Manager and CEO of the Massachusetts Bay Transportation Authority (MBTA). A Civil Engineer with nearly 40 years of transportation ...,positive,True
2026-08-05,Phillip Eng,MBTA,"Phillip Eng - Transportation Services, Operations ...",https://www.linkedin.com/in/phillip-eng-875928240,3,"Interim Secretary of Transportation and General Manager MBTA MassDOT and MBTA Oct 2025 - Present. Responsible to leading and directing 8,300 department ...",positive,True
2026-08-05,Phillip Eng,MBTA,MBTA's Phillip Eng Named Interim MassDOT Secretary,https://aashtojournal.transportation.org/mbtas-phillip-eng-named-interim-massdot-secretary/,4,"The governor originally appointed Eng as MBTA general manager in March 2023. Since then, he has overseen a transformative period at the nation's ...",neutral,False
2026-08-05,Phillip Eng,MBTA,Governor Healey Appoints MBTA General Manager Phil ...,https://www.mass.gov/news/governor-healey-appoints-mbta-general-manager-phil-eng-as-interim-transportation-secretary,5,"Governor Healey appointed Phil Eng as General Manager of the MBTA in March 2023. Since then, he has overseen a transformative period at the ...",neutral,False
2026-08-05,Phillip Eng,MBTA,The MBTA has made incredible strides. Did Phillip Eng fix ...,https://www.reddit.com/r/mbta/comments/1pokx9x/the_mbta_has_made_incredible_strides_did_phillip/,6,MBTA boss Phillip Eng accused of pulling employee's hair · The MBTA has made incredible strides. · Differing spellings of Philip/Phillip · Any cool ...,neutral,False
2026-08-05,Phillip Eng,MBTA,Did Phillip Eng fix the MBTA? Reliability and passenger ...,https://www.cbsnews.com/boston/news/mbta-general-manager-phillip-eng/,7,"Phillip Eng, the New Yorker who came out of retirement to fix the MBTA is getting rave reviews. Boston's public transportation system, is up. ...",neutral,False
2026-08-05,Phillip Eng,MBTA,Phillip Eng,https://www.massport.com/our-business/leadership/phillip-eng,8,Phillip Eng leads Massachusetts' transportation network as Interim Secretary of Transportation and General Manager of the MBTA. With nearly 40 years of ...,positive,True
2026-08-05,Randy Clarke,Washington Metropolitan Area Transit Authority,Randy Clarke,https://en.wikipedia.org/wiki/Randy_Clarke,1,Randy Clarke (born 1977) is a Canadian-American transit executive who has served as the general manager and CEO of Washington Metropolitan Area Transit ...,neutral,False
2026-08-05,Randy Clarke,Washington Metropolitan Area Transit Authority,Leadership,https://www.wmata.com/about/leadership.html,2,Randy Clarke joined WMATA as General Manager and CEO in July 2022. He's not just Metro's GM/CEO; he's also a customer who uses the service every day.,positive,True
2026-08-05,Randy Clarke,Washington Metropolitan Area Transit Authority,Randy Clarke (@wmataGM) / Posts / X,https://x.com/wmataGM?lang=en,3,Proudly leading the America's Metro System as General Manager & CEO. Working alongside MTA team has been the honor of my career.,positive,True
2026-08-05,Randy Clarke,Washington Metropolitan Area Transit Authority,Randy Clarke - WMATA General Manager and CEO,https://www.linkedin.com/in/randy-clarke-74bb8a69,4,WMATA General Manager and CEO · Experience: Washington Metropolitan Area Transit Authority (WMATA) · Education: University of Southern Maine · Location: ...,positive,True
2026-08-05,Randy Clarke,Washington Metropolitan Area Transit Authority,"Washington Metro's Fast-Moving, Hard-Charging Transit ...",https://www.governing.com/transportation/washington-metros-fast-moving-hard-charging-transit-chief,5,"Randy Clarke, 46, joined the Washington Metropolitan Area Transit Authority as general manager last summer, after four years leading the ...",neutral,False
2026-08-05,Randy Clarke,Washington Metropolitan Area Transit Authority,A Conversation with WMATA General Manager and CEO ...,https://web.mcccmd.com/events/eventdetail.aspx?eventid=779,6,"Mr. Clarke joined WMATA in July 2022 after serving more than four years as President and CEO of Capital Metro in Austin, Texas. Prior to his work in Austin ...",neutral,False
2026-08-05,Randy Clarke,Washington Metropolitan Area Transit Authority,Glad to meet with WMATA General Manager Randy Clarke ...,https://www.facebook.com/RepStenyHoyer/posts/glad-to-meet-with-wmata-general-manager-randy-clarke-and-my-fellow-members-in-th/1470441071118243/,7,"Congrats to my buddy Randy Clarke on his selection as the new CEO/GM of Washington Metropolitan Area Transit Authority (WMATA)! Randy Clarke, ...",positive,True
2026-08-05,Randy Clarke,Washington Metropolitan Area Transit Authority,Washington Metropolitan Area Transit Authority (Maryland entry),https://msa.maryland.gov/msa/mdmanual/38inters/html/23wta.html,8,"Randy Clarke, General Manager & Chief Executive Officer 300 7th St., SW, Washington, DC 20024 (202) 962-1234 (202) 637-7000 (Metro bus & rail information) (202 ...",positive,False
2026-08-05,Ryan Coholan,The T,Ryan's World,https://www.youtube.com/@RyansWorld,1,"Ryan loves doing lots of fun things like pretend play, science experiments, music videos, skits, challenges, DIY arts and crafts and more!",neutral,False
2026-08-05,Ryan Coholan,The T,Sunlight Entertainment,https://ryans.world/about/,2,"Sunlight Entertainment is Ryan Kaji's family-owned and operated production company that develops family-friendly content, and is driven to help kids learn.",positive,True
2026-08-05,Ryan Coholan,The T,Ryan's World,https://en.wikipedia.org/wiki/Ryan%27s_World,3,Ryan's World (formerly Ryan ToysReview) is a YouTube channel for children featuring Ryan Kaji [1] along with his family. channel has over 40.3 million ...,neutral,False
2026-08-05,Ryan Coholan,The T,Ryan's World YouTube channel,https://www.youtube.com/channel/UChGJGhZ9SOOHvBB0Y4DOO_w,4,"Share your videos with friends, family, and the world.",neutral,False
2026-08-05,Ryan Coholan,The T,ryan,https://music.apple.com/us/artist/ryan/1611112017,5,Top Songs · Chubby (feat. chico! & ryan*) · You Said · Nowhere Near The Hills · Lift It Up · Holster · No Doubt · My Girl (2022 Demo) · Field Trip.,neutral,False
2026-08-05,Ryan Coholan,The T,Ryan's World (TV Series 2017–2024),https://www.imdb.com/title/tt12987338/,6,"Discover how fun learning can be as your favorite YouTube superstar and all of his pals explore the world through pretend play, science experiments, DIY crafts, ...",neutral,False
2026-08-05,Ryan Coholan,The T,Ryan's World,https://ryans.world/,7,"Welcome To Ryan's World!!! Ryan loves doing lots of fun things like pretend play, science experiments, music videos, skits, challenges, DIY arts and crafts and ...",neutral,False
2026-08-05,Ryan Coholan,The T,Ryan's World (@ryansworld) • Instagram photos and videos,https://www.instagram.com/ryansworld/?hl=en,8,Ryan's World The Movie is out now in Theaters! #ryansworld #kidsmovies. Robert Downey Jr. posted a personalized message to Ryan Thank you RDJ! Robert ...,positive,True
2026-08-05,Monica Tibbits-Nutt,Boston T,Monica Tibbits-Nutt,https://www.massport.com/our-business/leadership/monica-tibbits-nutt,1,"Monica G. Tibbits-Nutt, is the Secretary and CEO of the Massachusetts Department of Transportation (MassDOT).",positive,True
2026-08-05,Monica Tibbits-Nutt,Boston T,Disgraced former Transportation Secretary Monica Tibbits ...,https://www.bostonherald.com/2026/01/07/disgraced-former-transportation-secretary-monica-tibbits-nutt-officially-off-state-payroll/,2,Former Transportation Secretary Monica Tibbits-Nutt is officially off the state employee payroll after resigning in disgrace in October and ...,negative,False
2026-08-05,Monica Tibbits-Nutt,Boston T,Transportation Sec. Monica Tibbits-Nutt Stepping Down ...,https://mass.streetsblog.org/2025/10/16/rearranging-the-cabinet-transportation-sec-monica-tibbits-nutt-stepping-down-replaced-by-mbta-gm-phillip-eng,3,Secretary of Transportation Monica Tibbits-Nutt is leaving the Healey administration. Governor Maura Healey announced this morning in a ...,neutral,False
2026-08-05,Monica Tibbits-Nutt,Boston T,"Monica Tibbits-Nutt, FAICP, LEED AP BD C",https://www.linkedin.com/in/monica-tibbits-nutt,4,"Transportation executive and growth leader with experience driving strategic growth, client development, and executive oversight across transportation and ...",positive,True
2026-08-05,Monica Tibbits-Nutt,Boston T,"Monica Tibbits-Nutt made history as the first Queer, Black ...",https://www.linkedin.com/posts/lauren-melendez-53690475_monica-tibbits-nutt-made-history-as-the-first-activity-7301335136107720704-9AIP,5,"Monica Tibbits-Nutt made history as the first Queer, Black woman to be named Secretary of Transportation for the Commonwealth.",positive,True
2026-08-05,Monica Tibbits-Nutt,Boston T,Governor Healey Appoints Monica Tibbits-Nutt as ...,https://www.mass.gov/news/governor-healey-appoints-monica-tibbits-nutt-as-secretary-of-transportation,6,"Monica G. Tibbits-Nutt, AICP, LEED AP BD+Cwas sworn in as Acting Secretary for Transportation on September 11, 2023. She was previously ...",neutral,False
2026-08-05,Monica Tibbits-Nutt,Boston T,"Today, Massachusetts bids farewell to Secretary Monica ...",https://www.facebook.com/massfiscal/posts/-today-massachusetts-bids-farewell-to-secretary-monica-tibbets-nutt-a-true-champ/1236041415229861/,7,"Today, Massachusetts bids farewell to Secretary Monica Tibbets-Nutt, a true champion of making life harder for everyone and leaving taxpayers ...",positive,True
2026-08-05,Monica Tibbits-Nutt,Boston T,A Conversation with MassDOT Secretary Monica Tibbits ...,https://members.naiopma.org/event-calendar/Details/a-conversation-with-massdot-secretary-monica-tibbits-nutt-and-mbta-general-manager-phillip-eng-1055406?sourceTypeId=EmailInvitation,8,"MassDOT Secretary Monica Tibbits-Nutt. Phone 781-453-6900 Address & Map 144 Gould Street, Suite 140 Needham, MA 02494 Email communications@naiopma.org",neutral,False
2026-08-05,Monica Tibbits-Nutt,Boston T,"MassDOT secretary Tibbits-Nutt steps down, MBTA chief ...",https://www.reddit.com/r/boston/comments/1o876bw/massdot_secretary_tibbitsnutt_steps_down_mbta/,9,"Massachusetts Department of Transportation secretary Monica Tibbits-Nutt will step down from her position, Governor Maura Healey announced ...",neutral,False
2026-08-05,Nora Leerhsen,Chicago Transit Authority,Nora Leerhsen,https://en.wikipedia.org/wiki/Nora_Leerhsen,1,"Nora Leerhsen is an American lawyer and executive who has served as the Acting President of the Chicago Transit Authority (CTA) since February 2025, replacing ...",neutral,False
2026-08-05,Nora Leerhsen,Chicago Transit Authority,CTA Governance/Administration,https://www.transitchicago.com/governance/,2,"Nora Leerhsen is the acting president of the Chicago Transit Authority (CTA), Nora joined the CTA in 2014 and is an 11-year public transit veteran. She is the ...",positive,True
2026-08-05,Nora Leerhsen,Chicago Transit Authority,"Nora Leerhsen - Acting President, Chicago Transit Authority",https://www.linkedin.com/in/nora-leerhsen-1ba38847,3,"Acting President, Chicago Transit Authority · Experience: Chicago Transit Authority · Education: University of Wisconsin Law School · Location: Greater ...",positive,True
2026-08-05,Nora Leerhsen,Chicago Transit Authority,Team | Chicago Transit Authority,https://www.ctabonds.com/chicago-transit-authority-il/about/our-team/i6552,4,"Nora Leerhsen is acting president of the Chicago Transit Authority (CTA), She is the first woman to lead the CTA in the agency's history. Leerhsen joined the ...",positive,True
2026-08-05,Nora Leerhsen,Chicago Transit Authority,Opinion: Make Nora Leerhsen the permanent CTA president,https://www.chicagotribune.com/2026/05/21/opinion-nora-leerhsen-cta-president/,5,"Since taking over in February 2025, Leerhsen has led the CTA through overlapping operational, financial and political challenges: a looming ...",neutral,False
2026-08-05,Nora Leerhsen,Chicago Transit Authority,"Nora Leerhsen, Acting President, Chicago Transit Authority",https://www.cityclub-chicago.org/event/2/5742/nora-leerhsen-acting-president-chicago-t,6,"Nora Leerhsen, Acting President, Chicago Transit Authority. Open at 11:30 am / Event Begins at 12:00 pm Location Maggiano's 111 W. Grand Avenue Chicago, IL ...",positive,False
2026-08-05,Nora Leerhsen,Chicago Transit Authority,A message from CTA Acting President Nora Leerhsen: On ...,https://www.facebook.com/thecta/posts/a-message-from-cta-acting-president-nora-leerhsenon-transit-employee-appreciatio/1351237193704962/,7,"CTA Acting President Nora Leerhsen was out to thank staff at the Kedzie Bus Garage, serving hot chocolate to bus operators, clerks and others in ...",positive,True
2026-08-05,Nora Leerhsen,Chicago Transit Authority,"Contact Nora Leerhsen, Email - Chicago Transit Authority",https://www.zoominfo.com/p/Nora-Leerhsen/1856708515,8,"Nora Leerhsen is the Acting President at the Chicago Transit Authority, bringing expertise in public transportation governance and regulatory compliance.",positive,False
2026-08-05,Nora Leerhsen,Chicago Transit Authority,How do we think interim CTA president Nora Leerhsen ...,https://www.reddit.com/r/chicago/comments/1ldou75/how_do_we_think_interim_cta_president_nora/,9,"While I know she worked under Dorval Carter, I think she has been a breath of fresh air. She is way more visible and actually seems to want to understand ...",neutral,False
2026-08-05,Janno Lieber,MTA,Janno Lieber,https://en.wikipedia.org/wiki/Janno_Lieber,1,"John Nathan ""Janno"" Lieber is the head of the Metropolitan Transportation Authority (MTA) in New York. He was appointed acting chair and CEO in July 2021 and ...",neutral,False
2026-08-05,Janno Lieber,MTA,Janno Lieber,https://www.mta.info/transparency/leadership/executive-leadership/janno-lieber,2,John (“Janno”) Lieber was confirmed as Chair and CEO of the Metropolitan Transportation Authority (MTA) in January 2022.,positive,True
2026-08-05,Janno Lieber,MTA,Janno Lieber - Chair & CEO at New York Metropolitan ...,https://www.linkedin.com/in/janno-lieber-32b487158,3,"Janno is the current Chair and CEO of the Metropolitan Transportation Authority. the MTA Board of Directors, business, financing, and legal matters;",positive,True
2026-08-05,Janno Lieber,MTA,"Janno Lieber on Free Buses, the State of the MTA, & The ...",https://nyeditorialboard.substack.com/p/janno-lieber-on-free-buses-the-state,4,"Janno Lieber, Chair and CEO of the Metropolitan Transportation Authority (MTA), which runs the New York City subways and buses, as well as the ...",positive,False
2026-08-05,Janno Lieber,MTA,Opinions on MTA CEO Janno Lieber,https://www.reddit.com/r/nycrail/comments/1qninf7/whats_your_thoughts_and_opinions_on_mta_ceo_janno/,5,Janno is the most competent leader the MTA has had in generations. He truly cares about the system and regularly rides it,neutral,False
2026-08-05,Janno Lieber,MTA,"Janno Lieber, Chair & CEO of the Metropolitan ...",https://skyscraper.org/featured/2025/,6,"Lieber has tackled and delivered many of the city's most complex transit projects - from 2017 as head of MTA Construction & Development agency, and since 2021",neutral,False
2026-08-05,Janno Lieber,MTA,"Alumni @ Work: Janno Lieber (Law '90), MTA CEO",https://www.nyu.edu/about/news-publications/news/2026/july/alumni-at-work--janno-lieber--law--90---mta-ceo.html,7,John “Janno” Lieber (Law '90) has successfully guided New York City's Metropolitan Transportation Authority (MTA) through some significant ...,positive,True
2026-08-05,Janno Lieber,MTA,TRANSIT UPDATE❄️: Metropolitan Transportation Authority ...,https://www.facebook.com/FoxWeather/videos/transit-update%EF%B8%8F-metropolitan-transportation-authority-chair-and-ceo-janno-lieber/909318918346770/,8,TRANSIT UPDATE ❄️: Metropolitan Transportation Authority Chair and CEO Janno Lieber joins FOX Weather to discuss changes to transit ...,positive,True
2026-08-05,Ryan Coholan,Massachusetts Bay Transportation Authority,Ryan Coholan - Chief Operating Officer at MBTA,https://www.linkedin.com/in/ryan-coholan-139014ab,1,Experienced Chief Operating Officer with a demonstrated history of working in the transportation/trucking/railroad industry.,positive,True
2026-08-05,Ryan Coholan,Massachusetts Bay Transportation Authority,Ryan Coholan - Chief Operating Officer at Massachusetts ...,https://www.zoominfo.com/p/Ryan-Coholan/11957181347,2,"Coholan is a Chief Operating Officer at Massachusetts Bay Transportation Authority. Coholan directs, plans, and supervises operations for a significant commuter ...",neutral,False
2026-08-05,Ryan Coholan,Massachusetts Bay Transportation Authority,MBTA COO Ryan Coholan talks South Coast Rail from ...,https://www.heraldnews.com/picture-gallery/news/2026/03/24/mbta-coo-ryan-coholan-talks-south-coast-rail-from-boston-to-fall-river/89294351007/,3,"MBTA Chief Operating Officer Ryan Coholan operates a commuter rail train outside South Station, Boston, on March 10, 2026. Dan Medeiros.",neutral,False
2026-08-05,Ryan Coholan,Massachusetts Bay Transportation Authority,The MBTA Advisory Board,https://mbtaadvisoryboard.org/wp-content/uploads/2024/04/MinutesMBTAAB-12-05-23APPROVED.pdf,4,"Ryan Coholan, the Chief Operating Officer (COO) of the MBTA to address the Board. Coholan is responsible for the operation of all MBTA modes. He was appointed ...",neutral,False
2026-08-05,Ryan Coholan,Massachusetts Bay Transportation Authority,Conversation with MBTA's COO Ryan Coholan,https://transitunplugged.com/transit-unplugged-podcast/ryan-coholan-mbta/,5,"Host Paul Comfort sits down with Ryan Coholan, the Chief Operating Officer of the Massachusetts Bay Transportation Authority (MBTA or The T) in Boston.",neutral,False
2026-08-05,Ryan Coholan,Massachusetts Bay Transportation Authority,Approval – Request for Rewrite of CAP related to Finding 3 ...,https://www.transit.dot.gov/sites/fta.dot.gov/files/2023-10/Approval-Request-for-Rewrite-of-CAP-related-to-Finding-3-of-Special-Directive-22-12-Operating-Conditions-and-Policies-Procedures-and-Training.pdf,6,"Ryan Coholan, Chief Operating Officer, Chief of Quality, Compliance, and Oversight, Director, Rail Transportation Safety,",positive,False
2026-08-05,Ryan Coholan,Massachusetts Bay Transportation Authority,Cultivating Culture at the MBTA with COO Ryan Coholan,https://soundcloud.com/spilling-the-t-podcast/cultivating-culture-at-the-mbta-with-coo-ryan-coholan,7,"On this episode, Chief Operating Officer Ryan Coholan joins us to discuss his unique approach to leading Operations at the MBTA.",neutral,False
2026-08-05,Ryan Coholan,Massachusetts Bay Transportation Authority,"Today, COO Ryan Coholan joined State Senator ...",https://www.instagram.com/p/DPWzqsCEoZw/?hl=en,8,"Today, COO Ryan Coholan joined State Senator ... Massachusetts Bay Transportation Authority OFFICE OF THE GOVERNOR Authority ...",positive,True
2026-08-05,Janno Lieber,NYC Subway,Janno Lieber,https://en.wikipedia.org/wiki/Janno_Lieber,1,Lieber oversaw a range of capital initiatives including the long-delayed completion of the extension of the Second Avenue Subway line on the East Side of ...,neutral,False
2026-08-05,Janno Lieber,NYC Subway,Janno Lieber,https://www.mta.info/transparency/leadership/executive-leadership/janno-lieber,2,"Lieber has been serving as MTA Acting Chair and CEO since July 2021 and is the Authority's 15th Chairperson since it was founded in 1968. In this position, ...",positive,True
2026-08-05,Janno Lieber,NYC Subway,"In the last five years, CEO and president of NYC's MTA ...",https://www.instagram.com/p/DbDydBrDCOy/,3,CEO and president of NYC's MTA John “Janno” Lieber (Law '90) the Second Avenue subway line; implementing a $9 rush-hour toll for traffic. City ...,positive,True
2026-08-05,Janno Lieber,NYC Subway,Janno Lieber - Chair & CEO at New York Metropolitan ...,https://www.linkedin.com/in/janno-lieber-32b487158,4,"Chair & CEO at New York Metropolitan Transportation Authority · An accomplished executive working at the intersection of government, real estate and law.",positive,True
2026-08-05,Janno Lieber,NYC Subway,Opinions on MTA CEO Janno Lieber,https://www.reddit.com/r/nycrail/comments/1qninf7/whats_your_thoughts_and_opinions_on_mta_ceo_janno/,5,Janno is the most competent leader the MTA has had in generations. The Second Avenue Subway opened and is getting extended. Janno is the most ...,neutral,False
2026-08-05,Janno Lieber,NYC Subway,"Janno Lieber on Free Buses, the State of the MTA, & The ...",https://nyeditorialboard.substack.com/p/janno-lieber-on-free-buses-the-state,6,"Janno Lieber, Chair and CEO of the Metropolitan Transportation Authority (MTA), which runs the New York City subways and buses, as well as the ...",positive,False
2026-08-05,Janno Lieber,NYC Subway,Full interview with MTA Chair & CEO Janno Lieber | The Point ...,https://www.youtube.com/watch?v=c6dZrDMDGP8,7,"Janno Lieber has either the best job in the world or the worst, depending on whether the trains are running on time in New York.",neutral,False
2026-08-05,Phillip Eng,Massachusetts Bay Transportation Authority,Phillip Eng,https://en.wikipedia.org/wiki/Phillip_Eng,1,Phillip Eng · President of the Long Island Rail Road · General manager of the MBTA · Interim Secretary of the Massachusetts Department of Transportation ...,neutral,False
2026-08-05,Phillip Eng,Massachusetts Bay Transportation Authority,Phillip Eng | People,https://www.mbta.com/people/phillip-eng,2,Phillip Eng is the General Manager and CEO of the Massachusetts Bay Transportation Authority (MBTA). A Civil Engineer with nearly 40 years of transportation ...,positive,True
2026-08-05,Phillip Eng,Massachusetts Bay Transportation Authority,"Phillip Eng - Transportation Services, Operations ...",https://www.linkedin.com/in/phillip-eng-875928240,3,"General Manager and CEO. Massachusetts Bay Transportation Authority - MBTA. Apr 2023 - Jan 2026 2 years 10 months. Boston, Massachusetts, United States. The ...",positive,True
2026-08-05,Phillip Eng,Massachusetts Bay Transportation Authority,MBTA's Phillip Eng Named Interim MassDOT Secretary,https://aashtojournal.transportation.org/mbtas-phillip-eng-named-interim-massdot-secretary/,4,The governor said Eng will continue to serve as general manager of MBTA – which is a division of MassDOT – while simultaneously serving as ...,neutral,False
2026-08-05,Phillip Eng,Massachusetts Bay Transportation Authority,Governor Healey Appoints MBTA General Manager Phil ...,https://www.mass.gov/news/governor-healey-appoints-mbta-general-manager-phil-eng-as-interim-transportation-secretary,5,"Governor Healey appointed Phil Eng as General Manager of the MBTA in March 2023. Since then, he has overseen a transformative period at the ...",neutral,False
2026-08-05,Phillip Eng,Massachusetts Bay Transportation Authority,Did Phillip Eng fix the MBTA? Reliability and passenger ...,https://www.cbsnews.com/boston/news/mbta-general-manager-phillip-eng/,6,"Phillip Eng, the New Yorker who came out of retirement to fix the MBTA is getting rave reviews.",neutral,False
2026-08-05,Phillip Eng,Massachusetts Bay Transportation Authority,Phillip Eng,https://www.massport.com/our-business/leadership/phillip-eng,7,Phillip Eng leads Massachusetts' transportation network as Interim Secretary of Transportation and General Manager of the MBTA. With nearly 40 years of ...,positive,True
2026-08-05,Phillip Eng,Massachusetts Bay Transportation Authority,Leadership at The MBTA,https://www.mbta.com/leadership,8,Phillip Eng is the Interim MassDOT Secretary and MBTA General Manager. Phillip Eng in a dark gray suit in front of a light gray background. Phillip Eng.,positive,True
2026-08-05,Phillip Eng,Boston T,Phillip Eng | People,https://www.mbta.com/people/phillip-eng,1,Phillip Eng is the General Manager and CEO of the Massachusetts Bay Transportation Authority (MBTA). A Civil Engineer with nearly 40 years of transportation ...,positive,True
2026-08-05,Phillip Eng,Boston T,Phillip Eng,https://en.wikipedia.org/wiki/Phillip_Eng,2,Phillip Eng (born 1961 or 1962) is an American civil engineer and transit executive serving as interim secretary of Massachusetts Department of ...,neutral,False
2026-08-05,Phillip Eng,Boston T,Did Phillip Eng fix the MBTA? Reliability and passenger ...,https://www.cbsnews.com/boston/news/mbta-general-manager-phillip-eng/,3,The native New Yorker came to Boston after retiring as the head of the Long Island Rail Road. He succeeded there and is doing very well here.,neutral,False
2026-08-05,Phillip Eng,Boston T,"Phillip Eng - Transportation Services, Operations ...",https://www.linkedin.com/in/phillip-eng-875928240,4,Experience · Interim Secretary of Transportation and General Manager MBTA · Interim Secretary of Transportation and General Manager MBTA · General Manager and CEO.,positive,True
2026-08-05,Phillip Eng,Boston T,Phillip Eng,https://www.massport.com/our-business/leadership/phillip-eng,5,Phillip Eng leads Massachusetts' transportation network as Interim Secretary of Transportation and General Manager of the MBTA. With nearly 40 years of ...,positive,True
2026-08-05,Phillip Eng,Boston T,Governor Healey Appoints MBTA General Manager Phil ...,https://www.mass.gov/news/governor-healey-appoints-mbta-general-manager-phil-eng-as-interim-transportation-secretary,6,"Governor Healey appointed Phil Eng as General Manager of the MBTA in March 2023. Since then, he has overseen a transformative period at the ...",neutral,False
2026-08-05,Phillip Eng,Boston T,Leadership at The MBTA,https://www.mbta.com/leadership,7,"Phillip Eng is the Interim MassDOT Secretary and MBTA General Manager. TA Board of Directors consists of nine members, including the Secretary of ...",positive,True
2026-08-05,Phillip Eng,Boston T,The MBTA has made incredible strides. Did Phillip Eng fix ...,https://www.reddit.com/r/mbta/comments/1pokx9x/the_mbta_has_made_incredible_strides_did_phillip/,8,Has he fixed it? No. Has he made it much better than it was in 2023? Absolutely. It will take many years and billions of dollars to fix the ...,neutral,False
2026-08-05,Phillip Eng,The T,Phillip Eng,https://en.wikipedia.org/wiki/Phillip_Eng,1,Phillip Eng (born 1961 or 1962) is an American civil engineer and transit executive serving as interim secretary of Massachusetts Department of ...,neutral,False
2026-08-05,Phillip Eng,The T,Phillip Eng | People,https://www.mbta.com/people/phillip-eng,2,Phillip Eng is the General Manager and CEO of the Massachusetts Bay Transportation Authority (MBTA). A Civil Engineer with nearly 40 years of transportation ...,positive,True
2026-08-05,Phillip Eng,The T,"Phillip Eng - Transportation Services, Operations ...",https://www.linkedin.com/in/phillip-eng-875928240,3,"Interim Secretary of Transportation and General Manager MBTA - Mar 2023 10 months • Lead The LiRo Group in the pursuit and delivery of Engineering,",positive,True
2026-08-05,Phillip Eng,The T,Did Phillip Eng fix the MBTA? Reliability and passenger ...,https://www.cbsnews.com/boston/news/mbta-general-manager-phillip-eng/,4,"It appeared to be silk, and it was designed with MBTA trains and a T map. It was hand painted by a woman at a marketplace in London, where Eng ...",neutral,False
2026-08-05,Phillip Eng,The T,Phil Eng goes 'On the Record' about hair-pulling allegation ...,https://www.wcvb.com/article/phil-eng-goes-on-the-record-hair-pulling-allegation-world-cup-transit/71639407,5,"Phil Eng joined WCVB's ""On the Record"" to discuss a 2024 hair-pulling allegation, World Cup transit and his dual roles.",neutral,False
2026-08-05,Phillip Eng,The T,The MBTA has made incredible strides. Did Phillip Eng fix ...,https://www.reddit.com/r/mbta/comments/1pokx9x/the_mbta_has_made_incredible_strides_did_phillip/,6,Has he fixed it? No. Has he made it much better than it was in 2023? Absolutely. It will take many years and billions of dollars to fix the ...,neutral,False
2026-08-05,Phillip Eng,The T,Phillip Eng,https://www.massport.com/our-business/leadership/phillip-eng,7,Phillip Eng leads Massachusetts' transportation network as Interim Secretary of Transportation and General Manager of the MBTA. With nearly 40 years of ...,positive,True
2026-08-05,Phillip Eng,The T,"With double duty, Phil Eng living out a leadership experiment",https://www.dotnews.com/2026/03/21/with-double-duty-phil-eng-living-out-a-leadership-experiment/,8,"He added that although Eng has refused to accept the transportation secretary's salary — on top of the $586,000 he makes leading the T, the ...",neutral,False
2026-08-05,Ryan Coholan,MBTA,Ryan Coholan - Chief Operating Officer at MBTA,https://www.linkedin.com/in/ryan-coholan-139014ab,1,Experienced Chief Operating Officer with a demonstrated history of working in the transportation/trucking/railroad industry.,positive,True
2026-08-05,Ryan Coholan,MBTA,MBTA COO drives commuter rail train from Boston to Fall ...,https://www.heraldnews.com/picture-gallery/news/2026/03/24/mbta-coo-ryan-coholan-talks-south-coast-rail-from-boston-to-fall-river/89294351007/,2,"MBTA Chief Operating Officer Ryan Coholan operates a commuter rail train at South Station, Boston, on March 10, 2026. Dan Medeiros.",neutral,False
2026-08-05,Ryan Coholan,MBTA,Ryan Coholan - Chief Operating Officer at Massachusetts ...,https://www.zoominfo.com/p/Ryan-Coholan/11957181347,3,"Coholan is a Chief Operating Officer at Massachusetts Bay Transportation Authority. Coholan directs, plans, and supervises operations (617) 222-5855",neutral,False
2026-08-05,Ryan Coholan,MBTA,The MBTA Advisory Board,https://mbtaadvisoryboard.org/wp-content/uploads/2024/04/MinutesMBTAAB-12-05-23APPROVED.pdf,4,"Ryan Coholan, the Chief Operating Officer (COO) of the MBTA to address the Board. Coholan is responsible for the operation of all MBTA modes. He was appointed ...",positive,True
2026-08-05,Ryan Coholan,MBTA,Conversation with MBTA's COO Ryan Coholan,https://transitunplugged.com/transit-unplugged-podcast/ryan-coholan-mbta/,5,"With nearly 30 years of transit experience, Ryan talks about running one of America's largest transit systems and shares stories of MBTA's ...",neutral,False
2026-08-05,Ryan Coholan,MBTA,"Today, COO Ryan Coholan joined State Senator ...",https://www.instagram.com/p/DPWzqsCEoZw/?hl=en,6,"During my tenure as a State Representative, I have pressed for accessibility improvements at commuter rail stations in the District, so I'm ...",positive,True
2026-08-05,Ryan Coholan,MBTA,Cultivating Culture at the MBTA with COO Ryan Coholan,https://soundcloud.com/spilling-the-t-podcast/cultivating-culture-at-the-mbta-with-coo-ryan-coholan,7,"On this episode, Chief Operating Officer Ryan Coholan joins us to discuss his unique approach to leading Operations at the MBTA.",neutral,False
2026-08-05,Ryan Coholan,MBTA,Ryan Coholan Email & Phone Number | Chief Operating ...,https://contactout.com/Ryan-Coholan-7317711,8,1 experience icon. Chief Operating Officer at MBTA in September 2023 to Present · 2 experience icon. Chief Railroad Officer at MBTA in May 2014 to September 2023.,positive,False
2026-08-05,Monica Tibbits-Nutt,The T,Monica Tibbits-Nutt,https://www.massport.com/our-business/leadership/monica-tibbits-nutt,1,"Monica G. Tibbits-Nutt, is the Secretary and CEO of the Massachusetts Department of Transportation (MassDOT).",positive,True
2026-08-05,Monica Tibbits-Nutt,The T,"Monica Tibbits-Nutt, FAICP, LEED AP BD C",https://www.linkedin.com/in/monica-tibbits-nutt,2,"Transportation executive and growth leader with experience driving strategic growth, client development, and executive oversight",positive,True
2026-08-05,Monica Tibbits-Nutt,The T,Disgraced former Transportation Secretary Monica Tibbits ...,https://www.bostonherald.com/2026/01/07/disgraced-former-transportation-secretary-monica-tibbits-nutt-officially-off-state-payroll/,3,Former Transportation Secretary Monica Tibbits-Nutt is officially off the state employee payroll after resigning in disgrace in October and ...,negative,False
2026-08-05,Monica Tibbits-Nutt,The T,"Monica Tibbits-Nutt made history as the first Queer, Black ...",https://www.linkedin.com/posts/lauren-melendez-53690475_monica-tibbits-nutt-made-history-as-the-first-activity-7301335136107720704-9AIP,4,"Monica Tibbits-Nutt made history as the first Queer, Black woman to be named Secretary of Transportation for the Commonwealth.",positive,True
2026-08-05,Monica Tibbits-Nutt,The T,Transportation Sec. Monica Tibbits-Nutt Stepping Down ...,https://mass.streetsblog.org/2025/10/16/rearranging-the-cabinet-transportation-sec-monica-tibbits-nutt-stepping-down-replaced-by-mbta-gm-phillip-eng,5,Secretary of Transportation Monica Tibbits-Nutt is leaving the Healey administration. Governor Maura Healey announced this morning in a ...,neutral,False
2026-08-05,Monica Tibbits-Nutt,The T,WTS-Boston 2024 New Year's Reception with Secretary ...,https://www.wtsinternational.org/events/wts-boston-2024-new-years-reception-secretary-tibbits-nutt,6,Tibbits-Nutt is the Secretary and CEO of the Massachusetts Department of Transportation (MassDOT). Areas of specialty include regional and transportation ...,neutral,False
2026-08-05,Monica Tibbits-Nutt,The T,Massachusetts Governor Appoints Tibbits-Nutt as ...,https://acppubs.com/NEC/article/9F4D65EF-massachusetts-governor-appoints-tibbits-nutt-as-secretary-of-transportation,7,"Tibbits-Nutt was sworn in as Acting Secretary for Transportation on September 11, 2023.",neutral,False
2026-08-05,Monica Tibbits-Nutt,The T,Tibbits-Nutt is out as transportation secretary. T chief Eng ...,https://www.wbur.org/news/2025/10/16/tibbits-nutt-transportation-secretary-massachusetts-eng,8,"Tibbits-Nutt's departure has been rumored in recent months, and her public profile has been lower than at the start of her appointment.",neutral,False
2026-08-05,Monica Tibbits-Nutt,The T,"Today, Massachusetts bids farewell to Secretary Monica ...",https://www.facebook.com/massfiscal/posts/-today-massachusetts-bids-farewell-to-secretary-monica-tibbets-nutt-a-true-champ/1236041415229861/,9,"Today, Massachusetts bids farewell to Secretary Monica Tibbets-Nutt, a true champion of making life harder for everyone and leaving ...",positive,True
2026-08-05,Janno Lieber,OMNY,Fare evasion: MTA boss Lieber defends 'European' model ...,https://www.amny.com/news/fare-evasion-lieber-defends-european-model-enforcement/,1,MTA Chair and CEO Janno Lieber on Wednesday defended the agency's embrace of a new “European-model” of enforcement to crack down on bus fare ...,neutral,False
2026-08-05,Janno Lieber,OMNY,Janno Lieber,https://www.mta.info/transparency/leadership/executive-leadership/janno-lieber,2,"Lieber has been serving as MTA Acting Chair and CEO since July 2021 and is the Authority's 15th Chairperson since it was founded in 1968. In this position, ...",positive,True
2026-08-05,Janno Lieber,OMNY,MTA chief vows fare evasion crackdown on NYC buses ...,https://gothamist.com/news/mta-chief-vows-fare-evasion-crackdown-on-nyc-buses-once-metrocard-retires,3,MTA Chair Janno Lieber said requiring all riders to pay with OMNY will make it easier to check who has actually paid.,neutral,False
2026-08-05,Janno Lieber,OMNY,Janno Lieber - Chair & CEO at New York Metropolitan ...,https://www.linkedin.com/in/janno-lieber-32b487158,4,"Chair & CEO at New York Metropolitan Transportation Authority · An accomplished executive working at the intersection of government, real estate and law.",positive,True
2026-08-05,Janno Lieber,OMNY,Reduced Fare OMNY | MTA Chair & CEO Janno Lieber ...,https://www.flickr.com/photos/mtaphotos/54202380303,5,"MTA Chair & CEO Janno Lieber announces the release of Reduced Fare OMNY cards on Friday, Dec 13, 2024 at the Stone Street Customer Service ...",neutral,False
2026-08-05,Janno Lieber,OMNY,"Janno Lieber on Free Buses, the State of the MTA, & The ...",https://nyeditorialboard.substack.com/p/janno-lieber-on-free-buses-the-state,6,"Janno Lieber, Chair and CEO of the Metropolitan Transportation Authority (MTA), which runs the New York City subways and buses, as well as the ...",positive,False
2026-08-05,Janno Lieber,OMNY,Janno Lieber,https://en.wikipedia.org/wiki/Janno_Lieber,7,"John Nathan ""Janno"" Lieber is the head of the Metropolitan Transportation Authority (MTA) in New York. He was appointed acting chair and CEO in July 2021 and ...",neutral,False
2026-08-05,Janno Lieber,OMNY,MTA boss gets the price of a MetroCard wrong while ...,https://nypost.com/2025/11/19/us-news/mta-boss-gets-the-price-of-a-metrocard-wrong-while-flippantly-touting-tap-to-ride-switchover/,8,Lieber compared the OMNY switchover to the city ditching subway tokens in the early 1990s in favor of the MetroCard — saying doing away with the ...,negative,False
